"Path","Platform","Compiled","Cooked","Permutations","Compiletime","CompiledDouble","CookedDouble"
"/ControlRig/Controls/ControlRigGizmoMaterial.ControlRigGizmoMaterial","0","0","4","1","0.000000","0","0"
"/MeshModelingToolset/Materials/M_DynamicMeshComponentVtxColor.M_DynamicMeshComponentVtxColor","0","0","20","1","0.000000","0","0"
"/Engine/EngineDebugMaterials/DebugEditorMaterial.DebugEditorMaterial","0","0","8","1","0.000000","0","0"
"/Engine/EditorMaterials/PhAT_NoCollisionMaterial.PhAT_NoCollisionMaterial","0","0","5","1","0.000000","0","0"
"/Engine/EditorMaterials/PhAT_UnselectedMaterial.PhAT_UnselectedMaterial","0","0","5","1","0.000000","0","0"
"/Engine/EngineMaterials/GizmoMaterial.GizmoMaterial","0","0","8","1","0.000000","0","0"
"/Engine/EngineDebugMaterials/DebugMeshMaterial.DebugMeshMaterial","0","0","7","1","0.000000","0","0"
"/Engine/EditorMaterials/Dataflow/DataflowVertexMaterial.DataflowVertexMaterial","0","0","26","1","0.000000","0","0"
"/Engine/BasicShapes/BasicShapeMaterial.BasicShapeMaterial","0","0","67","1","0.000000","0","0"
"/ControlRig/Controls/ControlRigXRayMaterial.ControlRigXRayMaterial","0","0","11","1","0.000000","0","0"
"/Engine/EditorLandscapeResources/SplineEditorMeshMat.SplineEditorMeshMat","0","0","14","1","0.000000","0","0"
"/Engine/VREditor/TransformGizmo/TranslucentTransformGizmoMaterial.TranslucentTransformGizmoMaterial","0","0","5","1","0.000000","0","0"
"/Engine/EngineMaterials/RemoveSurfaceMaterial.RemoveSurfaceMaterial","0","0","4","1","0.000000","0","0"
"/Engine/EngineMaterials/NaniteHiddenSectionMaterial.NaniteHiddenSectionMaterial","0","0","29","1","0.000000","0","0"
"/Engine/EngineDebugMaterials/M_SimpleUnlitTranslucent.M_SimpleUnlitTranslucent","0","0","5","1","0.000000","0","0"
"/Engine/EditorMaterials/Camera/CineMat.CineMat","0","0","26","1","0.000000","0","0"
"/Engine/VREditor/TransformGizmo/Xray.Xray","0","0","14","1","0.000000","0","0"
"/Engine/VREditor/TransformGizmo/Main.Main","0","0","5","1","0.000000","0","0"
"/Engine/EngineMaterials/DefaultLightFunctionMaterial.DefaultLightFunctionMaterial","0","0","45","1","0.000000","0","0"
"/Game/StarterContent/Particles/Materials/m_flare_01.m_flare_01","0","0","14","1","0.000000","0","0"
"/Game/StarterContent/Materials/M_Glass.M_Glass","0","0","35","1","0.000000","0","0"
"/Game/StarterContent/Materials/M_Basic_Wall.M_Basic_Wall","0","0","23","1","0.000000","0","0"
"/Game/StarterContent/Blueprints/Assets/M_LightStage_Arrows.M_LightStage_Arrows","0","0","4","1","0.000000","0","0"
"/Game/WinterTown/Materials/M_WiresBlack.M_WiresBlack","0","23","23","1","27.623869","0","23"
"/Game/Test3DEnvironment/Materials/M_Retro.M_Retro","0","5","5","1","2.325691","0","5"
"/Game/StarterContent/Materials/M_Basic_Floor.M_Basic_Floor","0","0","23","1","0.000000","0","0"
"/Game/StarterContent/Materials/M_AssetPlatform.M_AssetPlatform","0","0","23","1","0.000000","0","0"
"/Game/WinterTown/Materials/M_BalconyExtGlass01.M_BalconyExtGlass01","0","35","35","1","226.589447","0","35"
"/Game/Test3DEnvironment/Materials/M_OcchiAlieno.M_OcchiAlieno","0","52","52","1","75.628807","0","52"
"/Game/LevelPrototyping/Materials/M_Solid.M_Solid","0","0","26","1","0.000000","0","0"
"/Game/FPWeapon/Materials/BaseMaterial.BaseMaterial","0","0","35","1","0.000000","0","0"
"/Engine/EngineSky/M_SimpleSkyDome.M_SimpleSkyDome","0","0","4","1","0.000000","0","0"
"/Engine/TemplateResources/M_Template_Master.M_Template_Master","0","0","35","1","0.000000","0","0"
"/Engine/EngineDebugMaterials/BlackUnlitMaterial.BlackUnlitMaterial","0","0","6","1","0.000000","0","0"
"/Engine/EditorMeshes/ColorCalibrator/M_GreyBall.M_GreyBall","0","0","35","1","0.000000","0","0"
"/Engine/EditorMeshes/ColorCalibrator/M_ClearCoat.M_ClearCoat","0","0","23","1","0.000000","0","0"
"/Engine/EditorMeshes/ColorCalibrator/M_ChromeBall.M_ChromeBall","0","0","35","1","0.000000","0","0"
"/Engine/EditorMeshes/ColorCalibrator/M_ClearCoatBlack.M_ClearCoatBlack","0","0","23","1","0.000000","0","0"
"/Engine/VREditor/UI/KeyMaterial.KeyMaterial","0","0","5","1","0.000000","0","0"
"/Paper2D/DefaultSpriteMaterial.DefaultSpriteMaterial","0","0","50","2","0.000000","0","0"
"/Engine/EngineMaterials/PhAT_JointLimitMaterial.PhAT_JointLimitMaterial","0","0","11","1","0.000000","0","0"
"/Engine/VREditor/TransformGizmo/TransformGizmoMaterial.TransformGizmoMaterial","0","0","4","1","0.000000","0","0"
"/Engine/EngineMaterials/Widget3DPassThrough.Widget3DPassThrough","0","0","62","6","0.000000","0","5"
"/ControlRig/M_Manip.M_Manip","0","0","11","1","0.000000","0","0"
"/Engine/EngineMaterials/FlattenMaterial_WS_Normal_VT.FlattenMaterial_WS_Normal_VT","0","0","35","1","0.000000","0","0"
"/Engine/EngineMaterials/FlattenMaterial_VT.FlattenMaterial_VT","0","0","35","1","0.000000","0","0"
"/Engine/EngineMaterials/FlattenMaterial.FlattenMaterial","0","0","35","1","0.000000","0","0"
"/Engine/EngineMaterials/M_InvalidLightmapSettings.M_InvalidLightmapSettings","0","0","28","1","0.000000","0","0"
"/Engine/EngineMaterials/EmissiveMeshMaterial.EmissiveMeshMaterial","0","0","7","1","0.000000","0","0"
"/Engine/EngineDebugMaterials/M_VolumeRenderSphereTracePP.M_VolumeRenderSphereTracePP","0","0","5","1","0.000000","0","0"
"/Engine/EngineMaterials/DefaultPostProcessMaterial.DefaultPostProcessMaterial","0","0","7","1","0.000000","0","0"
"/Engine/EngineMaterials/DefaultDeferredDecalMaterial.DefaultDeferredDecalMaterial","0","0","87","1","0.000000","0","0"
"/Engine/EngineMaterials/DefaultMaterial.DefaultMaterial","0","0","127","1","0.000000","0","0"
"/Engine/EngineMaterials/WorldGridMaterial.WorldGridMaterial","0","0","685","1","0.000000","0","0"
"/Engine/EngineMaterials/DefaultTextMaterialOpaque.DefaultTextMaterialOpaque","0","0","31","1","0.000000","0","0"
"/Game/StarterContent/Props/Materials/M_Shelf.M_Shelf","0","0","23","1","0.000000","0","0"
"/Game/StarterContent/Particles/Materials/M_Heat_Distortion.M_Heat_Distortion","0","0","23","1","0.000000","0","0"
"/Game/StarterContent/Props/Materials/M_TableRound.M_TableRound","0","0","23","1","0.000000","0","0"
"/Game/StarterContent/Props/Materials/M_StatueGlass.M_StatueGlass","0","0","35","1","0.000000","0","0"
"/Game/StarterContent/Props/Materials/M_Statue.M_Statue","0","0","23","1","0.000000","0","0"
"/Game/StarterContent/Particles/Materials/M_Spark.M_Spark","0","0","11","1","0.000000","0","0"
"/Game/StarterContent/Particles/Materials/M_smoke_subUV.M_smoke_subUV","0","0","56","1","0.000000","0","0"
"/Game/StarterContent/Materials/M_Wood_Floor_Walnut_Polished.M_Wood_Floor_Walnut_Polished","0","0","23","1","0.000000","0","0"
"/Game/StarterContent/Materials/M_Water_Lake.M_Water_Lake","0","0","23","1","0.000000","0","0"
"/Game/StarterContent/Materials/M_Rock_Marble_Polished.M_Rock_Marble_Polished","0","0","23","1","0.000000","0","0"
"/Game/StarterContent/Materials/M_Wood_Walnut.M_Wood_Walnut","0","0","23","1","0.000000","0","0"
"/Game/StarterContent/Materials/M_Wood_Pine.M_Wood_Pine","0","0","23","1","0.000000","0","0"
"/Game/StarterContent/Materials/M_Wood_Oak.M_Wood_Oak","0","0","23","1","0.000000","0","0"
"/Game/StarterContent/Materials/M_Tech_Panel.M_Tech_Panel","0","0","23","1","0.000000","0","0"
"/Game/StarterContent/Materials/M_Rock_Sandstone.M_Rock_Sandstone","0","0","23","1","0.000000","0","0"
"/Game/StarterContent/Materials/M_Rock_Basalt.M_Rock_Basalt","0","0","23","1","0.000000","0","0"
"/Game/StarterContent/Materials/M_Tech_Hex_Tile_Pulse.M_Tech_Hex_Tile_Pulse","0","0","23","1","0.000000","0","0"
"/Game/StarterContent/Materials/M_Rock_Slate.M_Rock_Slate","0","0","23","1","0.000000","0","0"
"/Game/StarterContent/Materials/M_Metal_Steel.M_Metal_Steel","0","0","23","1","0.000000","0","0"
"/Game/StarterContent/Materials/M_Metal_Gold.M_Metal_Gold","0","0","23","1","0.000000","0","0"
"/Game/StarterContent/Materials/M_Metal_Copper.M_Metal_Copper","0","0","23","1","0.000000","0","0"
"/Game/StarterContent/Materials/M_Metal_Chrome.M_Metal_Chrome","0","0","23","1","0.000000","0","0"
"/Game/StarterContent/Materials/M_Metal_Burnished_Steel.M_Metal_Burnished_Steel","0","0","23","1","0.000000","0","0"
"/Game/StarterContent/Materials/M_Metal_Brushed_Nickel.M_Metal_Brushed_Nickel","0","0","23","1","0.000000","0","0"
"/Game/StarterContent/Props/Materials/M_Lamp.M_Lamp","0","0","23","1","0.000000","0","0"
"/Game/StarterContent/Materials/M_Ground_Moss.M_Ground_Moss","0","0","23","1","0.000000","0","0"
"/Game/StarterContent/Materials/M_Ground_Gravel.M_Ground_Gravel","0","0","23","1","0.000000","0","0"
"/Game/StarterContent/Materials/M_Ground_Grass.M_Ground_Grass","0","0","23","1","0.000000","0","0"
"/Game/StarterContent/Props/Materials/M_Frame.M_Frame","0","0","23","1","0.000000","0","0"
"/Game/StarterContent/Particles/Materials/M_Fire_SubUV.M_Fire_SubUV","0","0","11","1","0.000000","0","0"
"/Game/StarterContent/Particles/Materials/M_explosion_subUV.M_explosion_subUV","0","0","11","1","0.000000","0","0"
"/Game/StarterContent/Particles/Materials/M_Dust_Particle.M_Dust_Particle","0","0","74","1","0.000000","0","0"
"/Game/StarterContent/Props/Materials/M_Door.M_Door","0","0","23","1","0.000000","0","0"
"/Game/StarterContent/Materials/M_Concrete_Poured.M_Concrete_Poured","0","0","23","1","0.000000","0","0"
"/Game/StarterContent/Materials/M_Concrete_Panels.M_Concrete_Panels","0","0","23","1","0.000000","0","0"
"/Game/StarterContent/Materials/M_Concrete_Tiles.M_Concrete_Tiles","0","0","23","1","0.000000","0","0"
"/Game/StarterContent/Materials/M_Concrete_Grime.M_Concrete_Grime","0","0","23","1","0.000000","0","0"
"/Game/StarterContent/Materials/M_CobbleStone_Smooth.M_CobbleStone_Smooth","0","0","23","1","0.000000","0","0"
"/Game/StarterContent/Materials/M_CobbleStone_Rough.M_CobbleStone_Rough","0","0","23","1","0.000000","0","0"
"/Game/StarterContent/Materials/M_CobbleStone_Pebble.M_CobbleStone_Pebble","0","0","23","1","0.000000","0","0"
"/Game/StarterContent/Materials/M_Tech_Checker_Dot.M_Tech_Checker_Dot","0","0","23","1","0.000000","0","0"
"/Game/StarterContent/Props/Materials/M_Chair.M_Chair","0","0","23","1","0.000000","0","0"
"/Game/StarterContent/Materials/M_Ceramic_Tile_Checker.M_Ceramic_Tile_Checker","0","0","23","1","0.000000","0","0"
"/Game/StarterContent/Particles/Materials/M_Burst.M_Burst","0","0","17","1","0.000000","0","0"
"/Game/StarterContent/Materials/M_Brick_Hewn_Stone.M_Brick_Hewn_Stone","0","0","23","1","0.000000","0","0"
"/Game/StarterContent/Materials/M_Brick_Cut_Stone.M_Brick_Cut_Stone","0","0","23","1","0.000000","0","0"
"/Game/MonsterForSurvivalGame/Material/M_HitEnemy.M_HitEnemy","0","6","6","1","4.289565","0","12"
"/Game/JapaneseFurniture_Modern/Materials/M_unsharpmask.M_unsharpmask","0","5","5","1","2.214350","0","5"
"/Game/JapaneseFurniture_Modern/Materials/M_Generic.M_Generic","0","23","23","1","21.934643","0","23"
"/Game/FreeFurniturePack/Materials/M_Picture_frame.M_Picture_frame","0","23","23","1","23.188112","0","23"
"/Game/FreeFurniturePack/Materials/M_Modern_Table_bottom.M_Modern_Table_bottom","0","23","23","1","19.331644","0","23"
"/Game/FreeFurniturePack/Materials/M_Metall.M_Metall","0","23","23","1","24.187605","0","23"
"/Game/FreeFurniturePack/Materials/M_Cupboard_Metall.M_Cupboard_Metall","0","23","23","1","18.685720","0","23"
"/Game/FreeFurniturePack/Materials/M_Chrome.M_Chrome","0","23","23","1","25.432379","0","23"
"/Game/FreeFurniturePack/Materials/M_Bed_Lamp_Glowing_Part.M_Bed_Lamp_Glowing_Part","0","23","23","1","28.587820","0","23"
"/Game/FreeFurniturePack/Materials/M_Bed_Lamp_3.M_Bed_Lamp_3","0","23","23","1","24.102398","0","23"
"/Game/FreeFurniturePack/Materials/M_Bed_drawer_plastic.M_Bed_drawer_plastic","0","23","23","1","27.072979","0","23"
"/Game/FreeFurniturePack/Materials/M_Bed_drawer_metall.M_Bed_drawer_metall","0","23","23","1","0.000000","0","23"
"/Game/Test3DEnvironment/Materials/M_OpaqueTrasparent.M_OpaqueTrasparent","0","58","58","1","81.863121","0","58"
"/Game/Test3DEnvironment/Materials/M_OpaqueLitAlieno.M_OpaqueLitAlieno","0","52","52","1","70.592361","0","52"
"/Game/Test3DEnvironment/Materials/M_OpaqueLit.M_OpaqueLit","0","52","52","1","74.035049","0","52"
"/Game/OldWest/Shared/Materials/MM_PP_Sharpen.MM_PP_Sharpen","0","5","5","1","6.445088","0","5"
"/Game/StarterContent/Materials/M_Brick_Clay_Old.M_Brick_Clay_Old","0","0","23","1","0.000000","0","0"
"/Game/StarterContent/Materials/M_Brick_Clay_New.M_Brick_Clay_New","0","0","23","1","0.000000","0","0"
"/Game/StarterContent/Materials/M_Brick_Clay_Beveled.M_Brick_Clay_Beveled","0","0","23","1","0.000000","0","0"
"/Engine/EngineMaterials/PPM_DefaultCalibrationGrayscale.PPM_DefaultCalibrationGrayscale","0","0","5","1","0.000000","0","0"
"/Engine/EngineMaterials/PPM_DefaultCalibrationColor.PPM_DefaultCalibrationColor","0","0","5","1","0.000000","0","0"
"/Engine/EditorMaterials/PreviewShadowIndicatorMaterial.PreviewShadowIndicatorMaterial","0","0","45","1","0.000000","0","0"
"/Engine/EngineSky/M_Sky_Panning_Clouds2.M_Sky_Panning_Clouds2","0","0","4","1","0.000000","0","0"
"/Game/StarterContent/Blueprints/Assets/M_LightStage_Skybox_Master.M_LightStage_Skybox_Master","0","0","8","2","0.000000","0","0"
"/Game/StarterContent/Props/Materials/M_Rock.M_Rock","0","0","23","1","0.000000","0","0"
"/Game/StarterContent/Materials/M_Water_Ocean.M_Water_Ocean","0","0","23","1","0.000000","0","0"
"/Game/StarterContent/Materials/M_Tech_Hex_Tile.M_Tech_Hex_Tile","0","0","23","1","0.000000","0","0"
"/Game/StarterContent/Materials/M_Wood_Floor_Walnut_Worn.M_Wood_Floor_Walnut_Worn","0","0","23","1","0.000000","0","0"
"/Game/StarterContent/Materials/M_ColorGrid_LowSpec.M_ColorGrid_LowSpec","0","0","23","1","0.000000","0","0"
"/Engine/EngineMaterials/AntiAliasedTextMaterialTranslucent.AntiAliasedTextMaterialTranslucent","0","0","22","1","0.000000","0","0"
"/Game/StarterContent/Materials/M_Metal_Rust.M_Metal_Rust","0","0","23","1","0.000000","0","0"
"/Game/StarterContent/Particles/Materials/M_radial_ramp.M_radial_ramp","0","0","14","1","0.000000","0","0"
"/Game/StarterContent/Particles/Materials/M_Radial_Gradient.M_Radial_Gradient","0","0","14","1","0.000000","0","0"
"/Engine/VREditor/SnapGrid/SnapGridMaterial.SnapGridMaterial","0","0","12","1","0.000000","0","0"
"/Engine/EditorResources/FieldNodes/_Resources/M_FieldRadiusPreview.M_FieldRadiusPreview","0","0","20","1","0.000000","0","0"
"/Engine/EditorMeshes/ColorCalibrator/M_ColorGrid.M_ColorGrid","0","0","35","1","0.000000","0","0"
"/Engine/EngineSky/VolumetricClouds/m_SimpleVolumetricCloud.m_SimpleVolumetricCloud","0","0","100","1","0.000000","0","0"
"/Game/WinterTown/Materials/FurnitureMaterials/M_Bed01.M_Bed01","0","23","23","1","59.110725","0","23"
"/Game/WinterTown/Materials/M_GlassBalcony01.M_GlassBalcony01","0","26","27","1","79.390640","0","27"
"/Game/WinterTown/Materials/M_WindowWideGlass01.M_WindowWideGlass01","0","26","27","1","0.000000","0","27"
"/Game/WinterTown/Materials/M_WindowGlass02.M_WindowGlass02","0","26","27","1","0.000000","0","27"
"/Game/WinterTown/Materials/M_WindowGlass01.M_WindowGlass01","0","26","27","1","0.000000","0","27"
"/Game/WinterTown/Materials/M_WindowSmall02.M_WindowSmall02","0","26","27","1","0.000000","0","27"
"/Game/WinterTown/Materials/M_WindowSmall01.M_WindowSmall01","0","26","27","1","0.000000","0","27"
"/Game/WinterTown/Materials/M_GlassHallWindow.M_GlassHallWindow","0","26","27","1","0.000000","0","27"
"/Game/WinterTown/Materials/M_WindowGrid01.M_WindowGrid01","0","23","23","1","0.000000","0","23"
"/Game/WinterTown/Materials/M_BalconyExteriorFrame02.M_BalconyExteriorFrame02","0","23","23","1","45.463017","0","23"
"/Game/WinterTown/Materials/M_BalconyExteriorFrame01.M_BalconyExteriorFrame01","0","23","23","1","0.000000","0","23"
"/Game/WinterTown/Materials/M_WallHall03.M_WallHall03","0","23","23","1","0.000000","0","23"
"/Game/WinterTown/Materials/M_HallWindowFrame01.M_HallWindowFrame01","0","23","23","1","0.000000","0","23"
"/Game/WinterTown/Materials/M_WallHall02.M_WallHall02","0","23","23","1","0.000000","0","23"
"/Game/WinterTown/Materials/M_WallHall.M_WallHall","0","23","23","1","0.000000","0","23"
"/Game/WinterTown/Materials/M_TireSnowy02.M_TireSnowy02","0","23","23","1","0.000000","0","23"
"/Game/Test3DEnvironment/Materials/M_Terrain.M_Terrain","0","291","285","5","334.261841","134","559"
"","0","1","0","1","0.000000","8","0"
"/Game/WinterTown/Materials/M_TireSnowy01.M_TireSnowy01","0","23","23","1","0.000000","0","23"
"/Game/WinterTown/Materials/M_TireClean.M_TireClean","0","23","23","1","0.000000","0","23"
"/Game/WinterTown/Materials/M_Pipe3m02.M_Pipe3m02","0","23","23","1","0.000000","0","23"
"/Game/WinterTown/Materials/M_Pipe3m02Snowy.M_Pipe3m02Snowy","0","23","23","1","0.000000","0","23"
"/Game/WinterTown/Materials/M_Pipe3m01.M_Pipe3m01","0","23","23","1","0.000000","0","23"
"/Game/WinterTown/Materials/M_Pipe3m01Snowy.M_Pipe3m01Snowy","0","23","23","1","0.000000","0","23"
"/Game/WinterTown/Materials/FurnitureMaterials/M_Table03.M_Table03","0","23","23","1","0.000000","0","23"
"/Game/WinterTown/Materials/FurnitureMaterials/M_Table02.M_Table02","0","23","23","1","0.000000","0","23"
"/Game/WinterTown/Materials/FurnitureMaterials/M_Table01.M_Table01","0","23","23","1","0.000000","0","23"
"/Game/WinterTown/Materials/M_SewerHatchBase.M_SewerHatchBase","0","23","23","1","0.000000","0","23"
"/Game/WinterTown/Materials/M_SewerHatch01.M_SewerHatch01","0","23","23","1","0.000000","0","23"
"/Game/WinterTown/Materials/M_SatDish03.M_SatDish03","0","23","23","1","0.000000","0","23"
"/Game/WinterTown/Materials/M_SatDish02.M_SatDish02","0","23","23","1","0.000000","0","23"
"/Game/WinterTown/Materials/M_RoofStepRight01.M_RoofStepRight01","0","23","23","1","0.000000","0","23"
"/Game/WinterTown/Materials/M_RoofStepMiddle01.M_RoofStepMiddle01","0","23","23","1","0.000000","0","23"
"/Game/WinterTown/Materials/M_RoofStepLeft.M_RoofStepLeft","0","23","23","1","0.000000","0","23"
"/Game/WinterTown/Materials/M_BalconyExterior02.M_BalconyExterior02","0","23","23","1","0.000000","0","23"
"/Game/WinterTown/Materials/MI_BalconyExterior02.MI_BalconyExterior02","0","23","23","1","0.000000","0","23"
"/Game/WinterTown/Materials/M_BalconyExterior01.M_BalconyExterior01","0","23","23","1","0.000000","0","23"
"/Game/WinterTown/Materials/M_Antenna01.M_Antenna01","0","23","23","1","0.000000","0","23"
"/Game/WinterTown/Materials/M_RoofHedge02.M_RoofHedge02","0","23","23","1","0.000000","0","23"
"/Game/WinterTown/Materials/M_RoofHedge01.M_RoofHedge01","0","23","23","1","0.000000","0","23"
"/Game/WinterTown/Materials/M_Road01Snowy.M_Road01Snowy","0","23","23","1","0.000000","0","23"
"/Game/WinterTown/Materials/M_Road01Cleaner.M_Road01Cleaner","0","23","23","1","0.000000","0","23"
"/Game/WinterTown/Materials/FurnitureMaterials/M_RadiatorPipe02.M_RadiatorPipe02","0","23","23","1","0.000000","0","23"
"/Game/WinterTown/Materials/FurnitureMaterials/M_RadiatorPiece02.M_RadiatorPiece02","0","23","23","1","0.000000","0","23"
"/Game/WinterTown/Materials/FurnitureMaterials/M_RadiatorPipe01.M_RadiatorPipe01","0","23","23","1","0.000000","0","23"
"/Game/WinterTown/Materials/FurnitureMaterials/M_RadiatorPiece01.M_RadiatorPiece01","0","23","23","1","0.000000","0","23"
"/Game/WinterTown/Materials/M_Plywood02Snowy.M_Plywood02Snowy","0","23","23","1","0.000000","0","23"
"/Game/WinterTown/Materials/M_Plywood01.M_Plywood01","0","23","23","1","0.000000","0","23"
"/Game/WinterTown/Materials/M_LightWall01.M_LightWall01","0","23","23","1","0.000000","0","23"
"/Game/WinterTown/Materials/M_LampPost03.M_LampPost03","0","23","23","1","0.000000","0","23"
"/Game/WinterTown/Materials/M_LampPost02.M_LampPost02","0","23","23","1","0.000000","0","23"
"/Game/WinterTown/Materials/M_LampPost01.M_LampPost01","0","23","23","1","0.000000","0","23"
"/Game/WinterTown/Materials/M_CeilingLight01.M_CeilingLight01","0","23","23","1","0.000000","0","23"
"/Game/WinterTown/Materials/M_Ladder01.M_Ladder01","0","23","23","1","0.000000","0","23"
"/Game/WinterTown/Materials/M_HallwayRails02.M_HallwayRails02","0","23","23","1","0.000000","0","23"
"/Game/WinterTown/Materials/M_HallwayRails01.M_HallwayRails01","0","23","23","1","0.000000","0","23"
"/Game/WinterTown/Materials/FurnitureMaterials/M_Fridge02.M_Fridge02","0","23","23","1","0.000000","0","23"
"/Game/WinterTown/Materials/FurnitureMaterials/M_Fridge01.M_Fridge01","0","23","23","1","0.000000","0","23"
"/Game/WinterTown/Materials/M_EnteranceRoof01.M_EnteranceRoof01","0","23","23","1","0.000000","0","23"
"/Game/WinterTown/Materials/M_Drain02.M_Drain02","0","23","23","1","0.000000","0","23"
"/Game/WinterTown/Materials/M_Drain01.M_Drain01","0","23","23","1","0.000000","0","23"
"/Game/WinterTown/Materials/M_DoorSmall03.M_DoorSmall03","0","23","23","1","0.000000","0","23"
"/Game/FantasyInterior01/Materials/M_WhiteMat.M_WhiteMat","0","14","14","1","11.427864","0","14"
"/Game/WinterTown/Materials/M_DoorSmall02.M_DoorSmall02","0","23","23","1","0.000000","0","23"
"/Game/WinterTown/Materials/M_DoorSmall01.M_DoorSmall01","0","23","23","1","0.000000","0","23"
"/Game/WinterTown/Materials/M_DoorFrame02.M_DoorFrame02","0","23","23","1","0.000000","0","23"
"/Game/WinterTown/Materials/M_DoorFrame01.M_DoorFrame01","0","23","23","1","0.000000","0","23"
"/Game/WinterTown/Materials/M_DoorEnterance02.M_DoorEnterance02","0","26","27","1","0.000000","0","27"
"/Game/WinterTown/Materials/M_DoorEnterance01.M_DoorEnterance01","0","26","27","1","0.000000","0","27"
"/Game/WinterTown/Materials/FurnitureMaterials/M_Cupboard03.M_Cupboard03","0","23","23","1","0.000000","0","23"
"/Game/WinterTown/Materials/FurnitureMaterials/M_Cupboard02.M_Cupboard02","0","23","23","1","0.000000","0","23"
"/Game/WinterTown/Materials/FurnitureMaterials/M_Cupboard01.M_Cupboard01","0","23","23","1","0.000000","0","23"
"/Game/WinterTown/Materials/M_ConcreteHedge01.M_ConcreteHedge01","0","23","23","1","19.639378","0","23"
"/Game/WinterTown/Materials/M_ConcreteGrimeGrey01.M_ConcreteGrimeGrey01","0","23","23","1","0.000000","0","23"
"/Game/WinterTown/Materials/FurnitureMaterials/M_Chair02.M_Chair02","0","23","23","1","0.000000","0","23"
"/Game/WinterTown/Materials/FurnitureMaterials/M_Chair01.M_Chair01","0","23","23","1","0.000000","0","23"
"/Game/WinterTown/Materials/M_BuildingCornerDecor02.M_BuildingCornerDecor02","0","23","23","1","0.000000","0","23"
"/Game/WinterTown/Materials/M_BuildingCornerDecor01.M_BuildingCornerDecor01","0","23","23","1","0.000000","0","23"
"/Game/WinterTown/Materials/M_Old_branch.M_Old_branch","0","84","88","1","86.703644","0","88"
"/Game/WinterTown/Materials/M_Grass01.M_Grass01","0","84","88","1","87.508217","0","88"
"/Game/Test3DEnvironment/Materials/M_TranslucentLit.M_TranslucentLit","0","118","121","1","98.574806","0","121"
"/Game/ModularOldTown/Materials/MasterMaterials/M_Vegetation.M_Vegetation","0","84","88","1","88.939079","0","88"
"/Game/WinterTown/Materials/M_Boards04.M_Boards04","0","23","23","1","0.000000","0","23"
"/Game/WinterTown/Materials/M_Boards03.M_Boards03","0","23","23","1","0.000000","0","23"
"/Game/WinterTown/Materials/M_Boards02.M_Boards02","0","23","23","1","0.000000","0","23"
"/Game/WinterTown/Materials/M_Bench03.M_Bench03","0","23","23","1","0.000000","0","23"
"/Game/WinterTown/Materials/M_Bench02.M_Bench02","0","23","23","1","0.000000","0","23"
"/Game/WinterTown/Materials/M_Bench01.M_Bench01","0","23","23","1","0.000000","0","23"
"/Game/WinterTown/Materials/FurnitureMaterials/M_Bed02.M_Bed02","0","23","23","1","0.000000","0","23"
"/Game/ModularOldTown/Materials/MasterMaterials/M_Glass.M_Glass","0","74","37","2","204.119507","11","37"
"/Game/ModularOldTown/Materials/MasterMaterials/M_Decals.M_Decals","0","32","32","1","32.227242","0","32"
"/Game/Kurai_Workspace/Enemy/Material/M_EnemyGoblin_01.M_EnemyGoblin_01","0","35","35","1","33.325615","0","35"
"/Game/FantasyInterior01/Materials/M_Asset_Glass.M_Asset_Glass","0","37","37","1","599.011230","7","37"
"/Game/FantasyInterior01/Materials/M_Gradient_Mat.M_Gradient_Mat","0","29","29","1","28.984413","0","29"
"/Game/FantasyInterior01/Materials/M_Spiderwebs_01.M_Spiderwebs_01","0","7","7","1","5.229519","0","7"
"/Game/FantasyInterior01/Materials/M_LightColor_Mat.M_LightColor_Mat","0","45","45","1","29.243864","0","45"
"/Game/FantasyInterior01/Materials/M_Firewood_01_Preview.M_Firewood_01_Preview","0","23","23","1","22.799438","0","23"
"/Game/FantasyInterior01/Materials/M_Firewood_01.M_Firewood_01","0","23","23","1","22.437309","0","23"
"/Game/FantasyInterior01/Materials/M_Sky_Assets.M_Sky_Assets","0","26","27","1","29.838072","0","27"
"/Game/FantasyInterior01/Materials/M_Sky.M_Sky","0","26","27","1","0.000000","0","27"
"/Game/WinterTown/Materials/M_Road02.M_Road02","0","23","23","1","25.663319","0","23"
"/Game/WinterTown/Materials/M_Lightbulb01.M_Lightbulb01","0","23","23","1","27.083618","0","23"
"/Game/WinterTown/Materials/M_FloorTiles01.M_FloorTiles01","0","23","23","1","27.794790","0","23"
"/Game/WinterTown/Materials/M_FloorOak.M_FloorOak","0","23","23","1","28.612856","0","23"
"/Game/WinterTown/Materials/M_EnteranceDoor02.M_EnteranceDoor02","0","23","23","1","23.227373","0","23"
"/Game/WinterTown/Materials/M_EnteranceDoor01.M_EnteranceDoor01","0","23","23","1","24.012079","0","23"
"/Game/WinterTown/Materials/M_FloorConcrete.M_FloorConcrete","0","23","23","1","22.876280","0","23"
"/Game/JapaneseFurniture_Modern/Materials/M_MasterSurface.M_MasterSurface","0","69","23","3","27.076168","0","92"
"/Game/FantasyInterior01/Materials/M_Edge_Decal.M_Edge_Decal","0","30","30","1","34.023861","0","30"
"/Engine/MaterialTemplates/PerfTricks/VertexColorModulateTransition.VertexColorModulateTransition","0","23","23","1","26.936052","0","23"
"/Game/OldWest/Shared/Materials/MM_Glass_01a.MM_Glass_01a","0","33","33","1","188.850815","0","33"
"/Game/FantasyInterior01/Materials/M_Ash.M_Ash","0","80","84","2","76.353096","0","84"
"/Game/WinterTown/Materials/FurnitureMaterials/M_ChainLink.M_ChainLink","0","42","44","1","46.157276","0","44"
"/Game/WinterTown/Materials/M_Ceiling01.M_Ceiling01","0","23","23","1","26.839041","0","23"
"/Game/WinterTown/Materials/M_RoofStep02B.M_RoofStep02B","0","23","23","1","26.544981","0","23"
"/Game/WinterTown/Materials/M_Bricks04.M_Bricks04","0","23","23","1","23.166946","0","23"
"/Game/FantasyInterior01/Materials/M_Decal_Master.M_Decal_Master","0","42","42","2","42.259743","0","84"
"/Game/FantasyInterior01/Materials/M_Tileable.M_Tileable","0","23","23","1","26.815084","0","23"
"/Game/FantasyInterior01/Materials/M_Asset_Leafs.M_Asset_Leafs","0","42","44","1","47.216885","0","44"
"/Game/FantasyInterior01/Materials/M_Assets.M_Assets","0","182","46","3","50.820530","0","46"
"/Game/OldWest/Shared/Materials/MM_MasterMaterial_01a.MM_MasterMaterial_01a","0","291","295","11","258.998383","0","295"
"/Game/ModularOldTown/Materials/MasterMaterials/M_NaniteGlass.M_NaniteGlass","0","26","27","1","34.229492","0","27"
"/Game/WinterTown/Textures/T_spruce_leaf.T_spruce_leaf","0","84","88","1","99.009018","0","88"
"/Game/WinterTown/Materials/M_brake01.M_brake01","0","23","23","1","27.955868","0","23"
"/Game/WinterTown/Materials/M_BalconyRightDoor.M_BalconyRightDoor","0","23","23","1","0.000000","0","23"
"/Game/WinterTown/Materials/M_BalconyLeftDoor.M_BalconyLeftDoor","0","23","23","1","0.000000","0","23"
"/Game/Furniture_Free/Materials/M_Material.M_Material","0","23","23","1","0.000000","0","23"
"/Game/FreeFurniturePack/Materials/M_TV.M_TV","0","23","23","1","26.880129","0","23"
"/Game/FreeFurniturePack/Materials/M_Toilet.M_Toilet","0","23","23","1","27.240484","0","23"
"/Game/FreeFurniturePack/Materials/T_Table_Lamp.T_Table_Lamp","0","23","23","1","23.819675","0","23"
"/Game/FreeFurniturePack/Materials/M_Round_table.M_Round_table","0","23","23","1","27.131752","0","23"
"/Game/FreeFurniturePack/Materials/M_Office_Chair.M_Office_Chair","0","23","23","1","27.100851","0","23"
"/Game/FreeFurniturePack/Materials/M_Military_Bed_Matress.M_Military_Bed_Matress","0","23","23","1","22.726852","0","23"
"/Game/FreeFurniturePack/Materials/M_Military_Bed_Grid.M_Military_Bed_Grid","0","33","33","1","159.103622","0","33"
"/Game/FreeFurniturePack/Materials/M_Military_Bed.M_Military_Bed","0","23","23","1","23.424822","0","23"
"/Game/FreeFurniturePack/Materials/M_Coffee_Table.M_Coffee_Table","0","23","23","1","26.024445","0","23"
"/Game/FreeFurniturePack/Materials/M_Classic_table.M_Classic_table","0","23","23","1","26.046124","0","23"
"/Game/FreeFurniturePack/Materials/M_Classic_chair.M_Classic_chair","0","23","23","1","25.461864","0","23"
"/Game/FreeFurniturePack/Materials/M_Bed_Lamp_2.M_Bed_Lamp_2","0","23","23","1","27.422731","0","23"
"/Game/FreeFurniturePack/Materials/M_Bed_Lamp_1.M_Bed_Lamp_1","0","23","23","1","0.000000","0","23"
"/Game/FreeFurniturePack/Materials/M_Bathtub.M_Bathtub","0","23","23","1","26.283613","0","23"
"/Game/FreeFurniturePack/Materials/M_Art_2.M_Art_2","0","23","23","1","25.907492","0","23"
"/Game/FreeFurniturePack/Materials/M_Picture.M_Picture","0","23","23","1","23.531694","0","23"
"/Game/WinterTown/Materials/M_WindowWideGlass02Lit.M_WindowWideGlass02Lit","0","26","27","1","28.601307","0","27"
"/Game/WinterTown/Materials/M_Wallpaper04.M_Wallpaper04","0","23","23","1","0.000000","0","23"
"/Game/WinterTown/Materials/M_Wallpaper03.M_Wallpaper03","0","23","23","1","0.000000","0","23"
"/Game/WinterTown/Materials/M_Wallpaper02.M_Wallpaper02","0","23","23","1","0.000000","0","23"
"/Game/WinterTown/Materials/M_WallHallPaint01.M_WallHallPaint01","0","23","23","1","0.000000","0","23"
"/Game/StarterContent/Props/Materials/M_Bush.M_Bush","0","84","88","1","84.666939","0","88"
"/Game/WinterTown/Materials/M_Bricks01.M_Bricks01","0","23","23","1","23.245165","0","23"
"/Game/WinterTown/Materials/M_Branch01.M_Branch01","0","84","88","1","74.925507","0","88"
"/Game/WinterTown/Materials/M_RoofTiles01.M_RoofTiles01","0","26","27","1","32.370056","0","27"
"/Game/FreeFurniturePack/Materials/M_Old_Table.M_Old_Table","0","23","23","1","22.531126","0","23"
"/Game/FreeFurniturePack/Materials/M_Old_Chair.M_Old_Chair","0","23","23","1","0.000000","0","23"
"/Game/FreeFurniturePack/Materials/M_Modern_Bed_2.M_Modern_Bed_2","0","23","23","1","23.141878","0","23"
"/Game/FreeFurniturePack/Materials/M_Military_Bed_Matress_with_Blanket.M_Military_Bed_Matress_with_Blanket","0","23","23","1","21.978180","0","23"
"/Game/FreeFurniturePack/Materials/M_Elegant_chair.M_Elegant_chair","0","23","23","1","23.022255","0","23"
"/Game/FreeFurniturePack/Materials/M_Classic_Picture.M_Classic_Picture","0","23","23","1","23.272242","0","23"
"/Game/FreeFurniturePack/Materials/M_Classic_Cupboard.M_Classic_Cupboard","0","14","14","1","14.342081","0","14"
"/Game/FreeFurniturePack/Materials/M_Classic_Commode.M_Classic_Commode","0","23","23","1","9.284982","0","23"
"/Game/WinterTown/Materials/M_Bricks03.M_Bricks03","0","23","23","1","22.550264","0","23"
"/Game/WinterTown/Materials/M_Snow.M_Snow","0","23","23","1","22.862776","0","23"
"/Game/WinterTown/Materials/M_Bricks02.M_Bricks02","0","23","23","1","0.000000","0","23"
"/Game/WinterTown/Materials/M_RoofStep02.M_RoofStep02","0","23","23","1","26.738543","0","23"
"/Game/Test3DEnvironment/Materials/M_OpaqueLitWorldPositionOffset.M_OpaqueLitWorldPositionOffset","0","26","26","1","29.515224","0","26"
"/Game/WinterTown/Particles/M_Steam.M_Steam","0","11","11","1","6.760180","0","11"
"/Game/WinterTown/Particles/M_SnowFlakes02.M_SnowFlakes02","0","56","56","1","42.582001","0","56"
"/Game/WinterTown/Particles/M_SnowFlakes01.M_SnowFlakes01","0","56","0","1","0.000000","0","0"
"/Game/WinterTown/Materials/M_bark11.M_bark11","0","14","0","1","0.000000","0","0"
"/Game/WinterTown/Materials/M_WindowGlass03Wide.M_WindowGlass03Wide","0","35","0","1","0.000000","0","0"
"/Game/WinterTown/Materials/M_WindowGlass03.M_WindowGlass03","0","35","0","1","0.000000","0","0"
"/Game/WinterTown/Materials/M_WindowGlass02Lit.M_WindowGlass02Lit","0","26","27","1","26.145973","0","27"
"/Game/WinterTown/Materials/M_WindowGlass03Hall.M_WindowGlass03Hall","0","35","0","1","0.000000","0","0"
"/Game/WinterTown/Materials/M_HallWindowFrame02.M_HallWindowFrame02","0","23","23","1","20.412180","0","23"
"/Game/WinterTown/Materials/M_Window02.M_Window02","0","26","27","1","26.982622","0","27"
"/Game/WinterTown/Materials/M_Window01.M_Window01","0","26","27","1","34.056049","0","27"
"/Game/WinterTown/Materials/FurnitureMaterials/M_RiverWater01.M_RiverWater01","0","23","23","1","36.987122","0","23"
"/Game/WinterTown/Materials/M_Wallpaper01.M_Wallpaper01","0","23","23","1","31.568584","0","23"
"/Game/WinterTown/Materials/M_PanelWallYellow.M_PanelWallYellow","0","23","23","1","28.682720","0","23"
"/Game/WinterTown/Materials/M_PanelWallTiles.M_PanelWallTiles","0","23","23","1","31.016842","0","23"
"/Game/WinterTown/Materials/M_SpruceLOD.M_SpruceLOD","0","84","88","1","78.898857","0","88"
"/Game/WinterTown/Materials/M_SatDish01.M_SatDish01","0","46","46","1","34.364994","0","46"
"/Game/WinterTown/Materials/M_Boards01.M_Boards01","0","46","46","1","0.000000","0","46"
"/Game/WinterTown/Materials/M_BalconyExteriorRods01.M_BalconyExteriorRods01","0","23","23","1","18.002270","0","23"
"/Game/WinterTown/Materials/M_BalconyExteriorRods03.M_BalconyExteriorRods03","0","23","23","1","0.000000","0","23"
"/Game/WinterTown/Materials/M_BalconyExteriorRods02.M_BalconyExteriorRods02","0","23","23","1","0.000000","0","23"
"/Game/WinterTown/Materials/M_BalconyExterior06.M_BalconyExterior06","0","23","23","1","0.000000","0","23"
"/Game/WinterTown/Materials/M_BalconyExterior05.M_BalconyExterior05","0","23","23","1","0.000000","0","23"
"/Game/WinterTown/Materials/M_LandscapeSnow01.M_LandscapeSnow01","0","492","492","8","260.304291","0","492"
"/Game/WinterTown/Materials/M_RooftopAttic01.M_RooftopAttic01","0","23","23","1","20.242067","0","23"
"/Game/WinterTown/Materials/M_BalconyExterior04.M_BalconyExterior04","0","23","23","1","0.000000","0","23"
"/Game/WinterTown/Materials/M_RooftopAttic02.M_RooftopAttic02","0","26","27","1","25.039606","0","27"
"/Game/WinterTown/Materials/M_RooftopAttic02Clean.M_RooftopAttic02Clean","0","26","27","1","0.000000","0","27"
"/Game/FPWeapon/Materials/M_FPGun.M_FPGun","0","0","58","1","0.000000","0","0"
"/Interchange/gltf/M_Unlit.M_Unlit","0","0","128","6","0.000000","0","0"
"/Engine/EditorMaterials/Thumbnails/SkySphereMaterial.SkySphereMaterial","0","0","23","1","0.000000","0","0"
"/Game/FirstPersonArms/Character/Materials/M_Mannequin.M_Mannequin","0","0","60","2","0.000000","0","30"
"/Engine/EditorMaterials/LevelGridMaterial.LevelGridMaterial","0","0","19","1","0.000000","0","0"
"/Game/LevelPrototyping/Materials/M_PrototypeGrid.M_PrototypeGrid","0","0","69","3","0.000000","0","23"
"/Engine/OpenWorldTemplate/LandscapeMaterial/M_ProcGrid.M_ProcGrid","0","0","28","2","0.000000","0","0"
"/SpeedTreeImporter/SpeedTree9/SpeedTreeBillboardMaster.SpeedTreeBillboardMaster","0","0","62","1","0.000000","0","0"
"/SpeedTreeImporter/SpeedTree9/SpeedTreeMaster.SpeedTreeMaster","0","0","88","1","0.000000","0","0"
"/Interchange/gltf/M_SpecularGlossiness.M_SpecularGlossiness","0","0","272","6","0.000000","0","0"
"/Game/ModularOldTown/Materials/MasterMaterials/M_Hardsurfaces.M_Hardsurfaces","0","708","714","15","564.048950","200","1082"
"/Game/WinterTown/Materials/M_BalconyExterior03.M_BalconyExterior03","0","23","23","1","18.980207","0","23"
"/Game/WinterTown/Materials/M_AsphaltBroken.M_AsphaltBroken","0","23","23","1","18.792500","0","23"
"/Interchange/gltf/M_Transmission.M_Transmission","0","0","96","2","0.000000","0","0"
"/Interchange/gltf/M_Sheen.M_Sheen","0","0","272","6","0.000000","0","0"
"/Interchange/gltf/M_ClearCoat.M_ClearCoat","0","0","272","6","0.000000","0","0"
"/Interchange/gltf/M_Default.M_Default","0","0","272","6","0.000000","0","0"
"/Game/WinterTown/Materials/M_bark09.M_bark09","0","46","46","1","42.858574","0","46"
"/Game/WinterTown/Materials/M_bark06.M_bark06","0","46","0","1","0.000000","0","0"
"/Game/WinterTown/Materials/M_bark10.M_bark10","0","46","46","1","38.226379","0","46"
"/Game/WinterTown/Materials/M_bark02.M_bark02","0","46","46","1","37.458038","0","46"
"/Game/WinterTown/Materials/M_AirConditioner.M_AirConditioner","0","26","27","1","24.245247","0","27"
"/Game/WinterTown/Materials/M_ACFanOFF.M_ACFanOFF","0","23","23","1","19.524590","0","23"
"/Engine/EditorLandscapeResources/AlphaBrushMaterial.AlphaBrushMaterial","0","5","5","1","3.979908","0","5"
"/Game/WinterTown/Materials/M_ACFan.M_ACFan","0","23","23","1","22.805590","0","23"
"/Game/WinterTown/Particles/M_SnowFlakes03.M_SnowFlakes03","0","56","56","1","43.674164","0","56"
"/Game/JapaneseFurniture_Modern/Materials/M_Master_Masked.M_Master_Masked","0","23","23","1","21.497906","0","23"
"/Game/JapaneseFurniture_Modern/Materials/M_Glass.M_Glass","0","35","35","1","150.777603","0","35"
"/Game/FreeFurniturePack/Materials/M_Modern_Table_top.M_Modern_Table_top","0","23","23","1","22.920561","0","23"
"/Game/FreeFurniturePack/Materials/M_Modern_Cupboard.M_Modern_Cupboard","0","23","23","1","19.229393","0","23"
"/Game/FreeFurniturePack/Materials/M_Commode.M_Commode","0","23","23","1","0.000000","0","23"
"/Game/FreeFurniturePack/Materials/M_Classic_Leather_sofa_2.M_Classic_Leather_sofa_2","0","23","23","1","19.087616","0","23"
"/Game/FreeFurniturePack/Materials/M_Classic_Leather_sofa.M_Classic_Leather_sofa","0","23","23","1","0.000000","0","23"
"/Game/FreeFurniturePack/Materials/M_Classic_Leather_armchair.M_Classic_Leather_armchair","0","23","23","1","0.000000","0","23"
"/Game/ModularOldTown/Materials/MasterMaterials/M_FlatStones.M_FlatStones","0","69","69","3","44.602623","0","69"
"/Game/OldWest/Shared/Materials/MM_Impostor_SimpleOffset.MM_Impostor_SimpleOffset","0","34","38","1","230.910034","0","38"
"/Game/ModularOldTown/Materials/MasterMaterials/M_TriplanarUVs.M_TriplanarUVs","0","115","115","5","70.169571","0","115"
"/Game/OldWest/Shared/Materials/MM_Master_Foliage_01a.MM_Master_Foliage_01a","0","67","67","1","67.030685","0","67"
"/Game/OldWest/Shared/Materials/MM_Foliage_Master_01a.MM_Foliage_Master_01a","0","124","130","1","129.018005","0","130"
"/Game/Custom/Materials/M_DistanceClamp.M_DistanceClamp","0","38","38","1","34.388100","0","38"
"/Game/FreeFurniturePack/Materials/MM_Modern_Sofa.MM_Modern_Sofa","0","23","23","1","20.490406","0","23"
"/Game/FreeFurniturePack/Materials/MM_Modern_Bed_pillows.MM_Modern_Bed_pillows","0","23","23","1","0.000000","0","23"
"/Game/FreeFurniturePack/Materials/MM_Modern_Bed.MM_Modern_Bed","0","23","23","1","22.180340","0","23"
"/Game/FreeFurniturePack/Materials/MM_Tables_and_Chairs.MM_Tables_and_Chairs","0","23","23","1","21.709503","0","23"
"/Game/FreeFurniturePack/Materials/MM_Armchair.MM_Armchair","0","23","23","1","21.641445","0","23"
"/Game/WinterTown/Materials/M_pine_leaf.M_pine_leaf","0","84","88","1","80.212242","0","88"
"/Game/WinterTown/Particles/M_SnowUnlit.M_SnowUnlit","0","11","11","1","6.536525","0","11"
"/Game/WinterTown/Particles/M_Snow.M_Snow","0","56","56","1","41.873310","0","56"
"/ControlRig/Controls/ControlRigGizmoMaterial.ControlRigGizmoMaterial","49","0","4","1","0.000000","0","0"
"/MeshModelingToolset/Materials/M_DynamicMeshComponentVtxColor.M_DynamicMeshComponentVtxColor","49","0","20","1","0.000000","0","0"
"/Engine/EngineDebugMaterials/DebugEditorMaterial.DebugEditorMaterial","49","0","8","1","0.000000","0","0"
"/Engine/EditorMaterials/PhAT_NoCollisionMaterial.PhAT_NoCollisionMaterial","49","0","5","1","0.000000","0","0"
"/Engine/EditorMaterials/PhAT_UnselectedMaterial.PhAT_UnselectedMaterial","49","0","5","1","0.000000","0","0"
"/Engine/EngineMaterials/GizmoMaterial.GizmoMaterial","49","0","8","1","0.000000","0","0"
"/Engine/EngineDebugMaterials/DebugMeshMaterial.DebugMeshMaterial","49","0","7","1","0.000000","0","0"
"/Engine/EditorMaterials/Dataflow/DataflowVertexMaterial.DataflowVertexMaterial","49","0","26","1","0.000000","0","0"
"/Engine/BasicShapes/BasicShapeMaterial.BasicShapeMaterial","49","0","96","1","0.000000","0","0"
"/ControlRig/Controls/ControlRigXRayMaterial.ControlRigXRayMaterial","49","0","11","1","0.000000","0","0"
"/Engine/EditorLandscapeResources/SplineEditorMeshMat.SplineEditorMeshMat","49","0","17","1","0.000000","0","0"
"/Engine/VREditor/TransformGizmo/TranslucentTransformGizmoMaterial.TranslucentTransformGizmoMaterial","49","0","5","1","0.000000","0","0"
"/Engine/EngineMaterials/RemoveSurfaceMaterial.RemoveSurfaceMaterial","49","0","4","1","0.000000","0","0"
"/Engine/EngineMaterials/NaniteHiddenSectionMaterial.NaniteHiddenSectionMaterial","49","0","31","1","0.000000","0","0"
"/Engine/EngineDebugMaterials/M_SimpleUnlitTranslucent.M_SimpleUnlitTranslucent","49","0","5","1","0.000000","0","0"
"/Engine/EditorMaterials/Camera/CineMat.CineMat","49","0","26","1","0.000000","0","0"
"/Engine/VREditor/TransformGizmo/Xray.Xray","49","0","14","1","0.000000","0","0"
"/Engine/VREditor/TransformGizmo/Main.Main","49","0","5","1","0.000000","0","0"
"/Engine/EngineMaterials/DefaultLightFunctionMaterial.DefaultLightFunctionMaterial","49","0","61","1","0.000000","0","0"
"/Game/WinterTown/Materials/M_WiresBlack.M_WiresBlack","49","23","23","1","14.965294","0","23"
"/Game/WinterTown/Materials/M_BalconyExtGlass01.M_BalconyExtGlass01","49","35","35","1","36.444012","0","35"
"/Game/Test3DEnvironment/Materials/M_Retro.M_Retro","49","5","5","1","2.182954","0","5"
"/Game/Test3DEnvironment/Materials/M_OcchiAlieno.M_OcchiAlieno","49","52","52","1","54.887299","0","52"
"/Game/StarterContent/Particles/Materials/m_flare_01.m_flare_01","49","0","14","1","0.000000","0","0"
"/Game/StarterContent/Materials/M_Glass.M_Glass","49","0","35","1","0.000000","0","0"
"/Game/StarterContent/Materials/M_Basic_Wall.M_Basic_Wall","49","0","23","1","0.000000","0","0"
"/Game/StarterContent/Blueprints/Assets/M_LightStage_Arrows.M_LightStage_Arrows","49","0","4","1","0.000000","0","0"
"/Game/StarterContent/Materials/M_Basic_Floor.M_Basic_Floor","49","0","23","1","0.000000","0","0"
"/Game/StarterContent/Materials/M_AssetPlatform.M_AssetPlatform","49","0","23","1","0.000000","0","0"
"/Game/MonsterForSurvivalGame/Material/M_HitEnemy.M_HitEnemy","49","6","6","1","3.500933","0","12"
"/Game/OldWest/Shared/Materials/MM_PP_Sharpen.MM_PP_Sharpen","49","5","5","1","2.275314","0","5"
"/Game/LevelPrototyping/Materials/M_Solid.M_Solid","49","0","26","1","0.000000","0","0"
"/Game/JapaneseFurniture_Modern/Materials/M_unsharpmask.M_unsharpmask","49","5","5","1","2.286431","0","5"
"/Game/JapaneseFurniture_Modern/Materials/M_Generic.M_Generic","49","23","23","1","22.859856","0","23"
"/Game/FreeFurniturePack/Materials/M_Picture_frame.M_Picture_frame","49","23","23","1","39.721676","0","23"
"/Game/FreeFurniturePack/Materials/M_Modern_Table_bottom.M_Modern_Table_bottom","49","23","23","1","26.897957","0","23"
"/Game/FreeFurniturePack/Materials/M_Metall.M_Metall","49","23","23","1","29.640228","0","23"
"/Game/FreeFurniturePack/Materials/M_Cupboard_Metall.M_Cupboard_Metall","49","23","23","1","19.782091","0","23"
"/Game/FreeFurniturePack/Materials/M_Chrome.M_Chrome","49","23","23","1","14.835786","0","23"
"/Game/FreeFurniturePack/Materials/M_Bed_Lamp_Glowing_Part.M_Bed_Lamp_Glowing_Part","49","23","23","1","16.031805","0","23"
"/Game/FreeFurniturePack/Materials/M_Bed_Lamp_3.M_Bed_Lamp_3","49","23","23","1","15.586908","0","23"
"/Game/FreeFurniturePack/Materials/M_Bed_drawer_plastic.M_Bed_drawer_plastic","49","23","23","1","25.494635","0","23"
"/Game/FreeFurniturePack/Materials/M_Bed_drawer_metall.M_Bed_drawer_metall","49","23","23","1","0.000000","0","23"
"/Game/FPWeapon/Materials/BaseMaterial.BaseMaterial","49","0","35","1","0.000000","0","0"
"/Game/FantasyInterior01/Materials/M_WhiteMat.M_WhiteMat","49","14","14","1","16.554546","0","14"
"/Game/WinterTown/Materials/M_RoofStepRight01.M_RoofStepRight01","49","23","23","1","24.004295","0","23"
"/Game/WinterTown/Materials/M_RoofStepMiddle01.M_RoofStepMiddle01","49","23","23","1","0.000000","0","23"
"/Game/WinterTown/Materials/M_RoofStepLeft.M_RoofStepLeft","49","23","23","1","0.000000","0","23"
"/Game/WinterTown/Materials/M_DoorSmall02.M_DoorSmall02","49","23","23","1","0.000000","0","23"
"/Game/WinterTown/Materials/M_DoorSmall01.M_DoorSmall01","49","23","23","1","0.000000","0","23"
"/Game/WinterTown/Materials/M_DoorFrame02.M_DoorFrame02","49","23","23","1","0.000000","0","23"
"/Game/WinterTown/Materials/M_DoorFrame01.M_DoorFrame01","49","23","23","1","0.000000","0","23"
"/Game/WinterTown/Materials/M_DoorEnterance02.M_DoorEnterance02","49","26","27","1","12.634409","0","27"
"/Game/WinterTown/Materials/M_DoorEnterance01.M_DoorEnterance01","49","26","27","1","0.000000","0","27"
"/Game/WinterTown/Materials/FurnitureMaterials/M_Cupboard03.M_Cupboard03","49","23","23","1","15.441981","0","23"
"/Game/WinterTown/Materials/FurnitureMaterials/M_Cupboard02.M_Cupboard02","49","23","23","1","0.000000","0","23"
"/Game/WinterTown/Materials/FurnitureMaterials/M_Cupboard01.M_Cupboard01","49","23","23","1","0.000000","0","23"
"/Game/WinterTown/Materials/M_ConcreteHedge01.M_ConcreteHedge01","49","23","23","1","15.189298","0","23"
"/Game/WinterTown/Materials/M_FloorConcrete.M_FloorConcrete","49","23","23","1","13.314914","0","23"
"/Game/WinterTown/Materials/M_ConcreteGrimeGrey01.M_ConcreteGrimeGrey01","49","23","23","1","0.000000","0","23"
"/Game/WinterTown/Materials/FurnitureMaterials/M_Chair02.M_Chair02","49","23","23","1","0.000000","0","23"
"/Game/WinterTown/Materials/FurnitureMaterials/M_Chair01.M_Chair01","49","23","23","1","0.000000","0","23"
"/Game/WinterTown/Materials/FurnitureMaterials/M_ChainLink.M_ChainLink","49","44","46","1","87.015923","0","46"
"/Game/WinterTown/Materials/M_Ceiling01.M_Ceiling01","49","23","23","1","88.332756","0","23"
"/Game/WinterTown/Materials/M_BuildingCornerDecor02.M_BuildingCornerDecor02","49","23","23","1","0.000000","0","23"
"/Game/WinterTown/Materials/M_BuildingCornerDecor01.M_BuildingCornerDecor01","49","23","23","1","0.000000","0","23"
"/Game/WinterTown/Materials/M_RoofStep02B.M_RoofStep02B","49","23","23","1","29.591364","0","23"
"/Game/WinterTown/Materials/M_Bricks04.M_Bricks04","49","23","23","1","22.698399","0","23"
"/Game/WinterTown/Materials/M_RoofHedge02.M_RoofHedge02","49","23","23","1","0.000000","0","23"
"/Game/WinterTown/Materials/M_RoofHedge01.M_RoofHedge01","49","23","23","1","0.000000","0","23"
"/Game/WinterTown/Materials/M_Road01Snowy.M_Road01Snowy","49","23","23","1","0.000000","0","23"
"/Game/WinterTown/Materials/M_Road02.M_Road02","49","23","23","1","24.218969","0","23"
"/Game/WinterTown/Materials/M_Road01Cleaner.M_Road01Cleaner","49","23","23","1","0.000000","0","23"
"/Game/WinterTown/Materials/FurnitureMaterials/M_RadiatorPipe02.M_RadiatorPipe02","49","23","23","1","0.000000","0","23"
"/Game/WinterTown/Materials/FurnitureMaterials/M_RadiatorPiece02.M_RadiatorPiece02","49","23","23","1","0.000000","0","23"
"/Game/WinterTown/Materials/FurnitureMaterials/M_RadiatorPipe01.M_RadiatorPipe01","49","23","23","1","0.000000","0","23"
"/Game/WinterTown/Materials/FurnitureMaterials/M_RadiatorPiece01.M_RadiatorPiece01","49","23","23","1","0.000000","0","23"
"/Game/WinterTown/Materials/M_Plywood02Snowy.M_Plywood02Snowy","49","23","23","1","0.000000","0","23"
"/Game/WinterTown/Materials/M_Plywood01.M_Plywood01","49","23","23","1","0.000000","0","23"
"/Game/WinterTown/Materials/M_LightWall01.M_LightWall01","49","23","23","1","0.000000","0","23"
"/Game/WinterTown/Materials/M_Lightbulb01.M_Lightbulb01","49","23","23","1","24.595686","0","23"
"/Game/WinterTown/Materials/M_LampPost03.M_LampPost03","49","23","23","1","0.000000","0","23"
"/Game/WinterTown/Materials/M_LampPost02.M_LampPost02","49","23","23","1","0.000000","0","23"
"/Game/WinterTown/Materials/M_LampPost01.M_LampPost01","49","23","23","1","0.000000","0","23"
"/Game/WinterTown/Materials/M_CeilingLight01.M_CeilingLight01","49","23","23","1","0.000000","0","23"
"/Game/WinterTown/Materials/M_Ladder01.M_Ladder01","49","23","23","1","0.000000","0","23"
"/Game/WinterTown/Materials/M_HallwayRails02.M_HallwayRails02","49","23","23","1","0.000000","0","23"
"/Game/WinterTown/Materials/M_HallwayRails01.M_HallwayRails01","49","23","23","1","0.000000","0","23"
"/Game/WinterTown/Materials/FurnitureMaterials/M_Fridge02.M_Fridge02","49","23","23","1","0.000000","0","23"
"/Game/WinterTown/Materials/FurnitureMaterials/M_Fridge01.M_Fridge01","49","23","23","1","0.000000","0","23"
"/Game/WinterTown/Materials/M_FloorTiles01.M_FloorTiles01","49","23","23","1","20.974182","0","23"
"/Game/WinterTown/Materials/M_FloorOak.M_FloorOak","49","23","23","1","16.361738","0","23"
"/Game/WinterTown/Materials/M_EnteranceRoof01.M_EnteranceRoof01","49","23","23","1","0.000000","0","23"
"/Game/WinterTown/Materials/M_EnteranceDoor02.M_EnteranceDoor02","49","23","23","1","15.312211","0","23"
"/Game/WinterTown/Materials/M_EnteranceDoor01.M_EnteranceDoor01","49","23","23","1","27.612661","0","23"
"/Game/WinterTown/Materials/M_Drain02.M_Drain02","49","23","23","1","0.000000","0","23"
"/Game/WinterTown/Materials/M_Drain01.M_Drain01","49","23","23","1","0.000000","0","23"
"/Game/WinterTown/Materials/M_DoorSmall03.M_DoorSmall03","49","23","23","1","0.000000","0","23"
"/Game/WinterTown/Materials/M_WindowWideGlass02Lit.M_WindowWideGlass02Lit","49","26","27","1","15.318471","0","27"
"/Game/WinterTown/Materials/M_WindowWideGlass01.M_WindowWideGlass01","49","26","27","1","0.000000","0","27"
"/Game/WinterTown/Materials/M_WindowGlass03Wide.M_WindowGlass03Wide","49","35","35","1","38.766510","0","0"
"/Game/WinterTown/Materials/M_WindowGlass03.M_WindowGlass03","49","35","35","1","0.000000","0","0"
"/Game/WinterTown/Materials/M_WindowGlass02Lit.M_WindowGlass02Lit","49","26","27","1","26.212221","0","27"
"/Game/WinterTown/Materials/M_WindowGlass02.M_WindowGlass02","49","26","27","1","0.000000","0","27"
"/Game/WinterTown/Materials/M_WindowGlass01.M_WindowGlass01","49","26","27","1","0.000000","0","27"
"/Game/WinterTown/Materials/M_WindowSmall02.M_WindowSmall02","49","26","27","1","0.000000","0","27"
"/Game/WinterTown/Materials/M_WindowSmall01.M_WindowSmall01","49","26","27","1","0.000000","0","27"
"/Game/WinterTown/Materials/M_WindowGlass03Hall.M_WindowGlass03Hall","49","35","35","1","0.000000","0","0"
"/Game/WinterTown/Materials/M_GlassHallWindow.M_GlassHallWindow","49","26","27","1","0.000000","0","27"
"/Game/WinterTown/Materials/M_HallWindowFrame02.M_HallWindowFrame02","49","23","23","1","15.599661","0","23"
"/Game/WinterTown/Materials/M_WindowGrid01.M_WindowGrid01","49","23","23","1","0.000000","0","23"
"/Game/WinterTown/Materials/M_Window02.M_Window02","49","26","27","1","18.341877","0","27"
"/Game/WinterTown/Materials/M_Window01.M_Window01","49","26","27","1","19.113186","0","27"
"/Game/WinterTown/Materials/FurnitureMaterials/M_RiverWater01.M_RiverWater01","49","23","23","1","19.295565","0","23"
"/Game/WinterTown/Materials/M_Wallpaper04.M_Wallpaper04","49","23","23","1","0.000000","0","23"
"/Game/WinterTown/Materials/M_Wallpaper03.M_Wallpaper03","49","23","23","1","0.000000","0","23"
"/Game/WinterTown/Materials/M_Wallpaper02.M_Wallpaper02","49","23","23","1","0.000000","0","23"
"/Game/WinterTown/Materials/M_Wallpaper01.M_Wallpaper01","49","23","23","1","17.994837","0","23"
"/Game/WinterTown/Materials/M_PanelWallYellow.M_PanelWallYellow","49","23","23","1","21.375664","0","23"
"/Game/WinterTown/Materials/M_PanelWallTiles.M_PanelWallTiles","49","23","23","1","19.968924","0","23"
"/Game/WinterTown/Materials/M_WallHall03.M_WallHall03","49","23","23","1","0.000000","0","23"
"/Game/WinterTown/Materials/M_HallWindowFrame01.M_HallWindowFrame01","49","23","23","1","0.000000","0","23"
"/Game/WinterTown/Materials/M_WallHall02.M_WallHall02","49","23","23","1","0.000000","0","23"
"/Game/WinterTown/Materials/M_WallHall.M_WallHall","49","23","23","1","0.000000","0","23"
"/Game/WinterTown/Materials/M_WallHallPaint01.M_WallHallPaint01","49","23","23","1","0.000000","0","23"
"/Game/WinterTown/Materials/M_TireSnowy02.M_TireSnowy02","49","23","23","1","0.000000","0","23"
"/Game/WinterTown/Materials/M_TireSnowy01.M_TireSnowy01","49","23","23","1","0.000000","0","23"
"/Game/WinterTown/Materials/M_TireClean.M_TireClean","49","23","23","1","0.000000","0","23"
"/Game/WinterTown/Materials/M_Pipe3m02.M_Pipe3m02","49","23","23","1","0.000000","0","23"
"/Game/WinterTown/Materials/M_Pipe3m02Snowy.M_Pipe3m02Snowy","49","23","23","1","0.000000","0","23"
"/Game/WinterTown/Materials/M_Pipe3m01.M_Pipe3m01","49","23","23","1","0.000000","0","23"
"/Game/WinterTown/Materials/M_Pipe3m01Snowy.M_Pipe3m01Snowy","49","23","23","1","0.000000","0","23"
"/Game/WinterTown/Materials/FurnitureMaterials/M_Table03.M_Table03","49","23","23","1","0.000000","0","23"
"/Game/WinterTown/Materials/FurnitureMaterials/M_Table02.M_Table02","49","23","23","1","0.000000","0","23"
"/Game/WinterTown/Materials/FurnitureMaterials/M_Table01.M_Table01","49","23","23","1","0.000000","0","23"
"/Game/WinterTown/Particles/M_Steam.M_Steam","49","11","11","1","4.883077","0","11"
"/Game/WinterTown/Materials/M_SpruceLOD.M_SpruceLOD","49","88","92","1","71.687004","0","92"
"/Game/WinterTown/Materials/M_SewerHatchBase.M_SewerHatchBase","49","23","23","1","0.000000","0","23"
"/Game/WinterTown/Materials/M_SewerHatch01.M_SewerHatch01","49","23","23","1","0.000000","0","23"
"/Game/WinterTown/Materials/M_SatDish03.M_SatDish03","49","23","23","1","0.000000","0","23"
"/Game/WinterTown/Materials/M_SatDish01.M_SatDish01","49","46","46","1","21.697222","0","46"
"/Game/WinterTown/Materials/M_SatDish02.M_SatDish02","49","23","23","1","0.000000","0","23"
"/Game/WinterTown/Materials/M_RooftopAttic01.M_RooftopAttic01","49","23","23","1","18.264633","0","23"
"/Game/WinterTown/Materials/M_RooftopAttic02.M_RooftopAttic02","49","26","27","1","28.611710","0","27"
"/Game/WinterTown/Materials/M_RooftopAttic02Clean.M_RooftopAttic02Clean","49","26","27","1","0.000000","0","27"
"/Engine/EngineSky/M_SimpleSkyDome.M_SimpleSkyDome","49","0","4","1","0.000000","0","0"
"/Engine/TemplateResources/M_Template_Master.M_Template_Master","49","0","35","1","0.000000","0","0"
"/Engine/EngineDebugMaterials/BlackUnlitMaterial.BlackUnlitMaterial","49","0","6","1","0.000000","0","0"
"/Engine/EditorMeshes/ColorCalibrator/M_GreyBall.M_GreyBall","49","0","35","1","0.000000","0","0"
"/Engine/EditorMeshes/ColorCalibrator/M_ClearCoat.M_ClearCoat","49","0","23","1","0.000000","0","0"
"/Engine/EditorMeshes/ColorCalibrator/M_ChromeBall.M_ChromeBall","49","0","35","1","0.000000","0","0"
"/Engine/EditorMeshes/ColorCalibrator/M_ClearCoatBlack.M_ClearCoatBlack","49","0","23","1","0.000000","0","0"
"/Engine/VREditor/UI/KeyMaterial.KeyMaterial","49","0","5","1","0.000000","0","0"
"/Paper2D/DefaultSpriteMaterial.DefaultSpriteMaterial","49","0","54","2","0.000000","0","0"
"/Engine/EngineMaterials/PhAT_JointLimitMaterial.PhAT_JointLimitMaterial","49","0","11","1","0.000000","0","0"
"/Engine/VREditor/TransformGizmo/TransformGizmoMaterial.TransformGizmoMaterial","49","0","4","1","0.000000","0","0"
"/Engine/EngineMaterials/Widget3DPassThrough.Widget3DPassThrough","49","0","66","6","0.000000","0","5"
"/ControlRig/M_Manip.M_Manip","49","0","11","1","0.000000","0","0"
"/Engine/EngineMaterials/FlattenMaterial_WS_Normal_VT.FlattenMaterial_WS_Normal_VT","49","0","64","1","0.000000","0","0"
"/Engine/EngineMaterials/FlattenMaterial_VT.FlattenMaterial_VT","49","0","64","1","0.000000","0","0"
"/Engine/EngineMaterials/FlattenMaterial.FlattenMaterial","49","0","64","1","0.000000","0","0"
"/Engine/EngineMaterials/M_InvalidLightmapSettings.M_InvalidLightmapSettings","49","0","28","1","0.000000","0","0"
"/Engine/EngineMaterials/EmissiveMeshMaterial.EmissiveMeshMaterial","49","0","7","1","0.000000","0","0"
"/Engine/EngineDebugMaterials/M_VolumeRenderSphereTracePP.M_VolumeRenderSphereTracePP","49","0","5","1","0.000000","0","0"
"/Engine/EngineMaterials/DefaultPostProcessMaterial.DefaultPostProcessMaterial","49","0","7","1","0.000000","0","0"
"/Engine/EngineMaterials/DefaultDeferredDecalMaterial.DefaultDeferredDecalMaterial","49","0","87","1","0.000000","0","0"
"/Engine/EngineMaterials/DefaultMaterial.DefaultMaterial","49","0","127","1","0.000000","0","0"
"/Engine/EngineMaterials/WorldGridMaterial.WorldGridMaterial","49","0","970","1","0.000000","0","0"
"/Engine/EngineMaterials/DefaultTextMaterialOpaque.DefaultTextMaterialOpaque","49","0","33","1","0.000000","0","0"
"/Game/WinterTown/Materials/M_BalconyExteriorRods03.M_BalconyExteriorRods03","49","23","23","1","21.124437","0","23"
"/Game/WinterTown/Materials/M_BalconyExteriorRods02.M_BalconyExteriorRods02","49","23","23","1","0.000000","0","23"
"/Game/WinterTown/Materials/M_BalconyExteriorFrame02.M_BalconyExteriorFrame02","49","23","23","1","0.000000","0","23"
"/Game/WinterTown/Materials/M_BalconyExteriorFrame01.M_BalconyExteriorFrame01","49","23","23","1","0.000000","0","23"
"/Game/WinterTown/Materials/M_BalconyExterior06.M_BalconyExterior06","49","23","23","1","0.000000","0","23"
"/Game/WinterTown/Materials/M_BalconyExterior05.M_BalconyExterior05","49","23","23","1","0.000000","0","23"
"/Game/WinterTown/Materials/M_BalconyExterior04.M_BalconyExterior04","49","23","23","1","0.000000","0","23"
"/Game/WinterTown/Materials/M_BalconyExterior03.M_BalconyExterior03","49","23","23","1","16.597805","0","23"
"/Game/WinterTown/Materials/M_BalconyExterior02.M_BalconyExterior02","49","23","23","1","0.000000","0","23"
"/Game/WinterTown/Materials/MI_BalconyExterior02.MI_BalconyExterior02","49","23","23","1","0.000000","0","23"
"/Game/WinterTown/Materials/M_BalconyExterior01.M_BalconyExterior01","49","23","23","1","0.000000","0","23"
"/Game/WinterTown/Materials/M_AsphaltBroken.M_AsphaltBroken","49","23","23","1","12.953748","0","23"
"/Game/WinterTown/Materials/M_Antenna01.M_Antenna01","49","23","23","1","0.000000","0","23"
"/Game/WinterTown/Materials/M_AirConditioner.M_AirConditioner","49","26","27","1","18.641726","0","27"
"/Game/WinterTown/Materials/M_ACFanOFF.M_ACFanOFF","49","23","23","1","22.584307","0","23"
"/Game/WinterTown/Materials/M_ACFan.M_ACFan","49","23","23","1","34.009319","0","23"
"/Game/WinterTown/Particles/M_SnowFlakes03.M_SnowFlakes03","49","56","56","1","39.201946","0","56"
"/Game/WinterTown/Particles/M_SnowFlakes02.M_SnowFlakes02","49","56","56","1","46.043465","0","56"
"/Game/WinterTown/Particles/M_SnowFlakes01.M_SnowFlakes01","49","56","56","1","47.510494","0","0"
"/Game/Test3DEnvironment/Materials/M_OpaqueLitWorldPositionOffset.M_OpaqueLitWorldPositionOffset","49","26","26","1","31.186077","0","26"
"/Game/WinterTown/Materials/M_Bricks03.M_Bricks03","49","23","23","1","14.929469","0","23"
"/Game/WinterTown/Materials/M_Snow.M_Snow","49","23","23","1","21.929510","0","23"
"/Game/WinterTown/Materials/M_Bricks02.M_Bricks02","49","23","23","1","0.000000","0","23"
"/Game/WinterTown/Materials/M_RoofTiles01.M_RoofTiles01","49","26","27","1","24.925652","0","27"
"/Game/WinterTown/Materials/M_RoofStep02.M_RoofStep02","49","23","23","1","16.361923","0","23"
"/Game/WinterTown/Materials/M_Bricks01.M_Bricks01","49","23","23","1","18.189608","0","23"
"/Game/WinterTown/Materials/M_Branch01.M_Branch01","49","88","92","1","64.811813","0","92"
"/Game/WinterTown/Materials/M_brake01.M_brake01","49","23","23","1","20.053669","0","23"
"/Game/WinterTown/Materials/M_Boards04.M_Boards04","49","23","23","1","0.000000","0","23"
"/Game/WinterTown/Materials/M_Boards03.M_Boards03","49","23","23","1","0.000000","0","23"
"/Game/WinterTown/Materials/M_Boards02.M_Boards02","49","23","23","1","0.000000","0","23"
"/Game/WinterTown/Materials/M_Boards01.M_Boards01","49","46","46","1","0.000000","0","46"
"/Game/WinterTown/Materials/M_Bench03.M_Bench03","49","23","23","1","0.000000","0","23"
"/Game/WinterTown/Materials/M_Bench02.M_Bench02","49","23","23","1","0.000000","0","23"
"/Game/WinterTown/Materials/M_Bench01.M_Bench01","49","23","23","1","0.000000","0","23"
"/Game/WinterTown/Materials/FurnitureMaterials/M_Bed02.M_Bed02","49","23","23","1","0.000000","0","23"
"/Game/WinterTown/Materials/FurnitureMaterials/M_Bed01.M_Bed01","49","23","23","1","0.000000","0","23"
"/Game/WinterTown/Materials/M_bark09.M_bark09","49","46","46","1","35.077282","0","46"
"/Game/WinterTown/Materials/M_bark06.M_bark06","49","46","46","1","38.439117","0","0"
"/Game/WinterTown/Materials/M_bark10.M_bark10","49","46","46","1","33.686016","0","46"
"/Game/WinterTown/Materials/M_bark02.M_bark02","49","46","46","1","47.746159","0","46"
"/Game/WinterTown/Materials/M_bark11.M_bark11","49","14","14","1","0.000000","0","0"
"/Game/WinterTown/Materials/M_GlassBalcony01.M_GlassBalcony01","49","26","27","1","0.000000","0","27"
"/Game/WinterTown/Materials/M_BalconyRightDoor.M_BalconyRightDoor","49","23","23","1","0.000000","0","23"
"/Game/WinterTown/Materials/M_BalconyLeftDoor.M_BalconyLeftDoor","49","23","23","1","0.000000","0","23"
"/Game/Test3DEnvironment/Materials/M_OpaqueTrasparent.M_OpaqueTrasparent","49","58","58","1","83.247696","0","58"
"/Game/Test3DEnvironment/Materials/M_OpaqueLitAlieno.M_OpaqueLitAlieno","49","52","52","1","68.971748","0","52"
"/Game/Test3DEnvironment/Materials/M_OpaqueLit.M_OpaqueLit","49","52","52","1","56.666477","0","52"
"/Game/WinterTown/Materials/M_BalconyExteriorRods01.M_BalconyExteriorRods01","49","23","23","1","0.000000","0","23"
"/Game/StarterContent/Props/Materials/M_Shelf.M_Shelf","49","0","23","1","0.000000","0","0"
"/Game/StarterContent/Particles/Materials/M_Heat_Distortion.M_Heat_Distortion","49","0","23","1","0.000000","0","0"
"/Game/StarterContent/Props/Materials/M_TableRound.M_TableRound","49","0","23","1","0.000000","0","0"
"/Game/StarterContent/Props/Materials/M_StatueGlass.M_StatueGlass","49","0","35","1","0.000000","0","0"
"/Game/StarterContent/Props/Materials/M_Statue.M_Statue","49","0","23","1","0.000000","0","0"
"/Game/StarterContent/Particles/Materials/M_Spark.M_Spark","49","0","11","1","0.000000","0","0"
"/Game/StarterContent/Particles/Materials/M_smoke_subUV.M_smoke_subUV","49","0","56","1","0.000000","0","0"
"/Game/StarterContent/Materials/M_Wood_Floor_Walnut_Polished.M_Wood_Floor_Walnut_Polished","49","0","23","1","0.000000","0","0"
"/Game/StarterContent/Materials/M_Water_Lake.M_Water_Lake","49","0","23","1","0.000000","0","0"
"/Game/StarterContent/Materials/M_Rock_Marble_Polished.M_Rock_Marble_Polished","49","0","23","1","0.000000","0","0"
"/Game/StarterContent/Materials/M_Wood_Walnut.M_Wood_Walnut","49","0","23","1","0.000000","0","0"
"/Game/StarterContent/Materials/M_Wood_Pine.M_Wood_Pine","49","0","23","1","0.000000","0","0"
"/Game/StarterContent/Materials/M_Wood_Oak.M_Wood_Oak","49","0","23","1","0.000000","0","0"
"/Game/StarterContent/Materials/M_Tech_Panel.M_Tech_Panel","49","0","23","1","0.000000","0","0"
"/Game/StarterContent/Materials/M_Rock_Sandstone.M_Rock_Sandstone","49","0","23","1","0.000000","0","0"
"/Game/StarterContent/Materials/M_Rock_Basalt.M_Rock_Basalt","49","0","23","1","0.000000","0","0"
"/Game/StarterContent/Materials/M_Tech_Hex_Tile_Pulse.M_Tech_Hex_Tile_Pulse","49","0","23","1","0.000000","0","0"
"/Game/StarterContent/Materials/M_Rock_Slate.M_Rock_Slate","49","0","23","1","0.000000","0","0"
"/Game/StarterContent/Materials/M_Metal_Steel.M_Metal_Steel","49","0","23","1","0.000000","0","0"
"/Game/StarterContent/Materials/M_Metal_Gold.M_Metal_Gold","49","0","23","1","0.000000","0","0"
"/Game/StarterContent/Materials/M_Metal_Copper.M_Metal_Copper","49","0","23","1","0.000000","0","0"
"/Game/StarterContent/Materials/M_Metal_Chrome.M_Metal_Chrome","49","0","23","1","0.000000","0","0"
"/Game/StarterContent/Materials/M_Metal_Burnished_Steel.M_Metal_Burnished_Steel","49","0","23","1","0.000000","0","0"
"/Game/StarterContent/Materials/M_Metal_Brushed_Nickel.M_Metal_Brushed_Nickel","49","0","23","1","0.000000","0","0"
"/Game/StarterContent/Props/Materials/M_Lamp.M_Lamp","49","0","23","1","0.000000","0","0"
"/Game/StarterContent/Materials/M_Ground_Moss.M_Ground_Moss","49","0","23","1","0.000000","0","0"
"/Game/StarterContent/Materials/M_Ground_Gravel.M_Ground_Gravel","49","0","23","1","0.000000","0","0"
"/Game/StarterContent/Materials/M_Ground_Grass.M_Ground_Grass","49","0","23","1","0.000000","0","0"
"/Game/StarterContent/Props/Materials/M_Frame.M_Frame","49","0","23","1","0.000000","0","0"
"/Game/StarterContent/Particles/Materials/M_Fire_SubUV.M_Fire_SubUV","49","0","11","1","0.000000","0","0"
"/Game/StarterContent/Particles/Materials/M_explosion_subUV.M_explosion_subUV","49","0","11","1","0.000000","0","0"
"/Game/StarterContent/Particles/Materials/M_Dust_Particle.M_Dust_Particle","49","0","74","1","0.000000","0","0"
"/Game/StarterContent/Props/Materials/M_Door.M_Door","49","0","23","1","0.000000","0","0"
"/Game/StarterContent/Materials/M_Concrete_Poured.M_Concrete_Poured","49","0","23","1","0.000000","0","0"
"/Game/StarterContent/Materials/M_Concrete_Panels.M_Concrete_Panels","49","0","23","1","0.000000","0","0"
"/Game/StarterContent/Materials/M_Concrete_Tiles.M_Concrete_Tiles","49","0","23","1","0.000000","0","0"
"/Game/StarterContent/Materials/M_Concrete_Grime.M_Concrete_Grime","49","0","23","1","0.000000","0","0"
"/Game/StarterContent/Materials/M_CobbleStone_Smooth.M_CobbleStone_Smooth","49","0","23","1","0.000000","0","0"
"/Game/StarterContent/Materials/M_CobbleStone_Rough.M_CobbleStone_Rough","49","0","23","1","0.000000","0","0"
"/Game/StarterContent/Materials/M_CobbleStone_Pebble.M_CobbleStone_Pebble","49","0","23","1","0.000000","0","0"
"/Game/StarterContent/Materials/M_Tech_Checker_Dot.M_Tech_Checker_Dot","49","0","23","1","0.000000","0","0"
"/Game/StarterContent/Props/Materials/M_Chair.M_Chair","49","0","23","1","0.000000","0","0"
"/Game/StarterContent/Materials/M_Ceramic_Tile_Checker.M_Ceramic_Tile_Checker","49","0","23","1","0.000000","0","0"
"/Game/StarterContent/Particles/Materials/M_Burst.M_Burst","49","0","17","1","0.000000","0","0"
"/Game/StarterContent/Materials/M_Brick_Hewn_Stone.M_Brick_Hewn_Stone","49","0","23","1","0.000000","0","0"
"/Game/StarterContent/Materials/M_Brick_Cut_Stone.M_Brick_Cut_Stone","49","0","23","1","0.000000","0","0"
"/Game/FantasyInterior01/Materials/M_Decal_Master.M_Decal_Master","49","42","42","2","53.053356","0","84"
"/Game/FantasyInterior01/Materials/M_Tileable.M_Tileable","49","23","23","1","19.248196","0","23"
"/Game/FantasyInterior01/Materials/M_Asset_Leafs.M_Asset_Leafs","49","44","46","1","44.150425","0","46"
"/Game/FantasyInterior01/Materials/M_Assets.M_Assets","49","186","192","3","140.278748","0","46"
"/Game/FantasyInterior01/Materials/M_Asset_Glass.M_Asset_Glass","49","37","37","1","107.147331","0","111"
"/Game/FantasyInterior01/Materials/M_Edge_Decal.M_Edge_Decal","49","30","30","1","19.803009","0","30"
"/Game/FantasyInterior01/Materials/M_Gradient_Mat.M_Gradient_Mat","49","29","29","1","26.710039","0","29"
"/Game/FantasyInterior01/Materials/M_Spiderwebs_01.M_Spiderwebs_01","49","7","7","1","4.119410","0","7"
"/Game/FantasyInterior01/Materials/M_LightColor_Mat.M_LightColor_Mat","49","61","61","1","35.388424","0","61"
"/Game/FantasyInterior01/Materials/M_Firewood_01_Preview.M_Firewood_01_Preview","49","23","23","1","22.009594","0","23"
"/Game/FantasyInterior01/Materials/M_Firewood_01.M_Firewood_01","49","23","23","1","15.471148","0","23"
"/Game/FantasyInterior01/Materials/M_Sky_Assets.M_Sky_Assets","49","26","27","1","24.521238","0","27"
"/Game/FantasyInterior01/Materials/M_Sky.M_Sky","49","26","27","1","0.000000","0","27"
"/Game/Furniture_Free/Materials/M_Material.M_Material","49","23","23","1","0.000000","0","23"
"/Game/FreeFurniturePack/Materials/M_TV.M_TV","49","23","23","1","22.066685","0","23"
"/Game/FreeFurniturePack/Materials/M_Toilet.M_Toilet","49","23","23","1","25.063011","0","23"
"/Game/FreeFurniturePack/Materials/T_Table_Lamp.T_Table_Lamp","49","23","23","1","23.008276","0","23"
"/Game/FreeFurniturePack/Materials/M_Round_table.M_Round_table","49","23","23","1","22.363043","0","23"
"/Game/FreeFurniturePack/Materials/M_Old_Table.M_Old_Table","49","23","23","1","19.365976","0","23"
"/Game/FreeFurniturePack/Materials/M_Old_Chair.M_Old_Chair","49","23","23","1","0.000000","0","23"
"/Game/FreeFurniturePack/Materials/M_Office_Chair.M_Office_Chair","49","23","23","1","22.505903","0","23"
"/Game/FreeFurniturePack/Materials/M_Modern_Bed_2.M_Modern_Bed_2","49","23","23","1","36.656975","0","23"
"/Game/FreeFurniturePack/Materials/M_Military_Bed_Matress_with_Blanket.M_Military_Bed_Matress_with_Blanket","49","23","23","1","21.162624","0","23"
"/Game/FreeFurniturePack/Materials/M_Military_Bed_Matress.M_Military_Bed_Matress","49","23","23","1","28.059965","0","23"
"/Game/FreeFurniturePack/Materials/M_Military_Bed_Grid.M_Military_Bed_Grid","49","33","33","1","64.544571","0","33"
"/Game/FreeFurniturePack/Materials/M_Military_Bed.M_Military_Bed","49","23","23","1","34.486706","0","23"
"/Game/FreeFurniturePack/Materials/M_Elegant_chair.M_Elegant_chair","49","23","23","1","22.606331","0","23"
"/Game/FreeFurniturePack/Materials/M_Coffee_Table.M_Coffee_Table","49","23","23","1","28.858751","0","23"
"/Game/FreeFurniturePack/Materials/M_Classic_table.M_Classic_table","49","23","23","1","28.245457","0","23"
"/Game/FreeFurniturePack/Materials/M_Classic_Picture.M_Classic_Picture","49","23","23","1","22.344910","0","23"
"/Game/FreeFurniturePack/Materials/M_Classic_Cupboard.M_Classic_Cupboard","49","14","14","1","14.997807","0","14"
"/Game/FreeFurniturePack/Materials/M_Classic_Commode.M_Classic_Commode","49","23","23","1","7.613424","0","23"
"/Game/FreeFurniturePack/Materials/M_Classic_chair.M_Classic_chair","49","23","23","1","24.477894","0","23"
"/Game/FreeFurniturePack/Materials/M_Bed_Lamp_2.M_Bed_Lamp_2","49","23","23","1","23.229162","0","23"
"/Game/FreeFurniturePack/Materials/M_Bed_Lamp_1.M_Bed_Lamp_1","49","23","23","1","0.000000","0","23"
"/Game/FreeFurniturePack/Materials/M_Bathtub.M_Bathtub","49","23","23","1","24.877232","0","23"
"/Game/FreeFurniturePack/Materials/M_Art_2.M_Art_2","49","23","23","1","33.266693","0","23"
"/Game/FreeFurniturePack/Materials/M_Picture.M_Picture","49","23","23","1","32.339424","0","23"
"/Game/StarterContent/Props/Materials/M_Bush.M_Bush","49","88","92","1","63.009117","0","92"
"/Game/ModularOldTown/Materials/MasterMaterials/M_Glass.M_Glass","49","74","74","2","95.608986","0","74"
"/Game/ModularOldTown/Materials/MasterMaterials/M_Decals.M_Decals","49","32","32","1","43.145237","0","32"
"/Game/Kurai_Workspace/Enemy/Material/M_EnemyGoblin_01.M_EnemyGoblin_01","49","35","35","1","30.910637","0","35"
"/Game/JapaneseFurniture_Modern/Materials/M_MasterSurface.M_MasterSurface","49","69","69","3","50.460037","0","92"
"/Game/StarterContent/Materials/M_Brick_Clay_Old.M_Brick_Clay_Old","49","0","23","1","0.000000","0","0"
"/Game/StarterContent/Materials/M_Brick_Clay_New.M_Brick_Clay_New","49","0","23","1","0.000000","0","0"
"/Game/StarterContent/Materials/M_Brick_Clay_Beveled.M_Brick_Clay_Beveled","49","0","23","1","0.000000","0","0"
"/Engine/EngineMaterials/PPM_DefaultCalibrationGrayscale.PPM_DefaultCalibrationGrayscale","49","0","5","1","0.000000","0","0"
"/Engine/EngineMaterials/PPM_DefaultCalibrationColor.PPM_DefaultCalibrationColor","49","0","5","1","0.000000","0","0"
"/Engine/EditorMaterials/PreviewShadowIndicatorMaterial.PreviewShadowIndicatorMaterial","49","0","61","1","0.000000","0","0"
"/Engine/EngineSky/M_Sky_Panning_Clouds2.M_Sky_Panning_Clouds2","49","0","4","1","0.000000","0","0"
"/Game/StarterContent/Blueprints/Assets/M_LightStage_Skybox_Master.M_LightStage_Skybox_Master","49","0","8","2","0.000000","0","0"
"/Game/StarterContent/Props/Materials/M_Rock.M_Rock","49","0","23","1","0.000000","0","0"
"/Game/StarterContent/Materials/M_Water_Ocean.M_Water_Ocean","49","0","23","1","0.000000","0","0"
"/Game/StarterContent/Materials/M_Tech_Hex_Tile.M_Tech_Hex_Tile","49","0","23","1","0.000000","0","0"
"/Game/StarterContent/Materials/M_Wood_Floor_Walnut_Worn.M_Wood_Floor_Walnut_Worn","49","0","23","1","0.000000","0","0"
"/Game/StarterContent/Materials/M_ColorGrid_LowSpec.M_ColorGrid_LowSpec","49","0","23","1","0.000000","0","0"
"/Game/ModularOldTown/Materials/MasterMaterials/M_NaniteGlass.M_NaniteGlass","49","55","56","1","208.645355","0","56"
"/Game/WinterTown/Textures/T_spruce_leaf.T_spruce_leaf","49","88","92","1","60.327374","0","92"
"/Game/WinterTown/Materials/M_Old_branch.M_Old_branch","49","88","92","1","46.031075","0","92"
"/Game/WinterTown/Materials/M_Grass01.M_Grass01","49","88","92","1","54.254967","0","92"
"/Game/Test3DEnvironment/Materials/M_TranslucentLit.M_TranslucentLit","49","118","121","1","50.687222","0","121"
"/Game/ModularOldTown/Materials/MasterMaterials/M_Vegetation.M_Vegetation","49","214","218","1","257.824493","0","218"
"/Engine/EngineMaterials/AntiAliasedTextMaterialTranslucent.AntiAliasedTextMaterialTranslucent","49","0","22","1","0.000000","0","0"
"/Game/StarterContent/Materials/M_Metal_Rust.M_Metal_Rust","49","0","23","1","0.000000","0","0"
"/Game/StarterContent/Particles/Materials/M_radial_ramp.M_radial_ramp","49","0","14","1","0.000000","0","0"
"/Game/StarterContent/Particles/Materials/M_Radial_Gradient.M_Radial_Gradient","49","0","14","1","0.000000","0","0"
"/Engine/VREditor/SnapGrid/SnapGridMaterial.SnapGridMaterial","49","0","12","1","0.000000","0","0"
"/Engine/EditorResources/FieldNodes/_Resources/M_FieldRadiusPreview.M_FieldRadiusPreview","49","0","20","1","0.000000","0","0"
"/Engine/EditorMeshes/ColorCalibrator/M_ColorGrid.M_ColorGrid","49","0","35","1","0.000000","0","0"
"/Engine/EngineSky/VolumetricClouds/m_SimpleVolumetricCloud.m_SimpleVolumetricCloud","49","0","100","1","0.000000","0","0"
"/Engine/MaterialTemplates/PerfTricks/VertexColorModulateTransition.VertexColorModulateTransition","49","23","23","1","40.298325","0","23"
"/Game/Test3DEnvironment/Materials/M_Terrain.M_Terrain","49","291","291","5","247.595917","67","693"
"/Game/OldWest/Shared/Materials/MM_Glass_01a.MM_Glass_01a","49","33","33","1","94.168098","0","33"
"/Game/FantasyInterior01/Materials/M_Ash.M_Ash","49","84","88","2","63.019184","0","88"
"/Game/OldWest/Shared/Materials/MM_MasterMaterial_01a.MM_MasterMaterial_01a","49","662","666","11","1828.574341","0","666"
"/Game/JapaneseFurniture_Modern/Materials/M_Master_Masked.M_Master_Masked","49","23","23","1","16.628283","0","23"
"/Game/JapaneseFurniture_Modern/Materials/M_Glass.M_Glass","49","35","35","1","31.574417","0","35"
"/Game/FreeFurniturePack/Materials/M_Modern_Table_top.M_Modern_Table_top","49","23","23","1","15.028519","0","23"
"/Game/FreeFurniturePack/Materials/M_Modern_Cupboard.M_Modern_Cupboard","49","23","23","1","13.732681","0","23"
"/Game/FreeFurniturePack/Materials/M_Commode.M_Commode","49","23","23","1","0.000000","0","23"
"/Game/FreeFurniturePack/Materials/M_Classic_Leather_sofa_2.M_Classic_Leather_sofa_2","49","23","23","1","15.652819","0","23"
"/Game/FreeFurniturePack/Materials/M_Classic_Leather_sofa.M_Classic_Leather_sofa","49","23","23","1","0.000000","0","23"
"/Game/FreeFurniturePack/Materials/M_Classic_Leather_armchair.M_Classic_Leather_armchair","49","23","23","1","0.000000","0","23"
"/Game/WinterTown/Materials/M_LandscapeSnow01.M_LandscapeSnow01","49","492","492","8","184.932236","0","492"
"/Game/WinterTown/Particles/M_SnowUnlit.M_SnowUnlit","49","11","11","1","3.761080","0","11"
"/Game/WinterTown/Particles/M_Snow.M_Snow","49","56","56","1","25.988390","0","56"
"/Game/WinterTown/Materials/M_pine_leaf.M_pine_leaf","49","88","92","1","46.589840","0","92"
"/Game/FreeFurniturePack/Materials/MM_Modern_Bed_pillows.MM_Modern_Bed_pillows","49","23","23","1","14.021767","0","23"
"/Game/FreeFurniturePack/Materials/MM_Modern_Bed.MM_Modern_Bed","49","23","23","1","13.259989","0","23"
"/Game/FreeFurniturePack/Materials/MM_Armchair.MM_Armchair","49","23","23","1","13.820093","0","23"
"/Game/FreeFurniturePack/Materials/MM_Tables_and_Chairs.MM_Tables_and_Chairs","49","23","23","1","15.082327","0","23"
"/Game/FreeFurniturePack/Materials/MM_Modern_Sofa.MM_Modern_Sofa","49","23","23","1","0.000000","0","23"
"/Game/ModularOldTown/Materials/MasterMaterials/M_TriplanarUVs.M_TriplanarUVs","49","260","260","5","307.781036","0","260"
"/Game/ModularOldTown/Materials/MasterMaterials/M_Hardsurfaces.M_Hardsurfaces","49","1143","1149","15","2115.135498","0","1149"
"/Game/ModularOldTown/Materials/MasterMaterials/M_FlatStones.M_FlatStones","49","156","156","3","202.576721","0","156"
"/Game/Custom/Materials/M_DistanceClamp.M_DistanceClamp","49","38","38","1","22.307606","0","38"
"/Game/FPWeapon/Materials/M_FPGun.M_FPGun","49","0","62","1","0.000000","0","0"
"/Interchange/gltf/M_Unlit.M_Unlit","49","0","136","6","0.000000","0","0"
"/Engine/EditorMaterials/Thumbnails/SkySphereMaterial.SkySphereMaterial","49","0","23","1","0.000000","0","0"
"/Game/FirstPersonArms/Character/Materials/M_Mannequin.M_Mannequin","49","0","60","2","0.000000","0","30"
"/Game/OldWest/Shared/Materials/MM_Foliage_Master_01a.MM_Foliage_Master_01a","49","130","136","1","79.874634","0","136"
"/Game/OldWest/Shared/Materials/MM_Master_Foliage_01a.MM_Master_Foliage_01a","49","67","67","1","44.622257","0","67"
"/Engine/EditorMaterials/LevelGridMaterial.LevelGridMaterial","49","0","21","1","0.000000","0","0"
"/Game/LevelPrototyping/Materials/M_PrototypeGrid.M_PrototypeGrid","49","0","69","3","0.000000","0","23"
"/Engine/OpenWorldTemplate/LandscapeMaterial/M_ProcGrid.M_ProcGrid","49","0","62","2","0.000000","0","0"
"/SpeedTreeImporter/SpeedTree9/SpeedTreeBillboardMaster.SpeedTreeBillboardMaster","49","0","66","1","0.000000","0","0"
"/SpeedTreeImporter/SpeedTree9/SpeedTreeMaster.SpeedTreeMaster","49","0","92","1","0.000000","0","0"
"/Interchange/gltf/M_SpecularGlossiness.M_SpecularGlossiness","49","0","280","6","0.000000","0","0"
"/Game/OldWest/Shared/Materials/MM_Impostor_SimpleOffset.MM_Impostor_SimpleOffset","49","38","42","1","113.251488","0","42"
"","49","1","0","1","0.000000","0","0"
"/Engine/EditorLandscapeResources/AlphaBrushMaterial.AlphaBrushMaterial","49","5","5","1","2.459382","0","5"
"/Interchange/gltf/M_Transmission.M_Transmission","49","0","96","2","0.000000","0","0"
"/Interchange/gltf/M_Sheen.M_Sheen","49","0","280","6","0.000000","0","0"
"/Interchange/gltf/M_ClearCoat.M_ClearCoat","49","0","280","6","0.000000","0","0"
"/Interchange/gltf/M_Default.M_Default","49","0","280","6","0.000000","0","0"
